"TIME","GEO","CITIZEN","SEX","AGE","ASYL_APP","UNIT","Value"
"2015M01","European Union (28 countries)","Total","Total","Total","Asylum applicant","Person","66 140"
"2015M01","European Union (28 countries)","Total","Total","Total","First time applicant","Person","60 245"
"2015M01","Belgium","Total","Total","Total","Asylum applicant","Person","1 715"
"2015M01","Belgium","Total","Total","Total","First time applicant","Person","1 215"
"2015M01","Bulgaria","Total","Total","Total","Asylum applicant","Person","1 070"
"2015M01","Bulgaria","Total","Total","Total","First time applicant","Person","1 055"
"2015M01","Czech Republic","Total","Total","Total","Asylum applicant","Person","125"
"2015M01","Czech Republic","Total","Total","Total","First time applicant","Person","95"
"2015M01","Denmark","Total","Total","Total","Asylum applicant","Person","640"
"2015M01","Denmark","Total","Total","Total","First time applicant","Person","630"
"2015M01","Germany (until 1990 former territory of the FRG)","Total","Total","Total","Asylum applicant","Person","25 035"
"2015M01","Germany (until 1990 former territory of the FRG)","Total","Total","Total","First time applicant","Person","21 680"
"2015M01","Estonia","Total","Total","Total","Asylum applicant","Person","5"
"2015M01","Estonia","Total","Total","Total","First time applicant","Person","5"
"2015M01","Ireland","Total","Total","Total","Asylum applicant","Person","215"
"2015M01","Ireland","Total","Total","Total","First time applicant","Person","215"
"2015M01","Greece","Total","Total","Total","Asylum applicant","Person","1 065"
"2015M01","Greece","Total","Total","Total","First time applicant","Person","925"
"2015M01","Spain","Total","Total","Total","Asylum applicant","Person","840"
"2015M01","Spain","Total","Total","Total","First time applicant","Person","835"
"2015M01","France","Total","Total","Total","Asylum applicant","Person","4 440"
"2015M01","France","Total","Total","Total","First time applicant","Person","4 025"
"2015M01","Croatia","Total","Total","Total","Asylum applicant","Person","25"
"2015M01","Croatia","Total","Total","Total","First time applicant","Person","10"
"2015M01","Italy","Total","Total","Total","Asylum applicant","Person","4 785"
"2015M01","Italy","Total","Total","Total","First time applicant","Person","4 740"
"2015M01","Cyprus","Total","Total","Total","Asylum applicant","Person","165"
"2015M01","Cyprus","Total","Total","Total","First time applicant","Person","155"
"2015M01","Latvia","Total","Total","Total","Asylum applicant","Person","15"
"2015M01","Latvia","Total","Total","Total","First time applicant","Person","15"
"2015M01","Lithuania","Total","Total","Total","Asylum applicant","Person","30"
"2015M01","Lithuania","Total","Total","Total","First time applicant","Person","15"
"2015M01","Luxembourg","Total","Total","Total","Asylum applicant","Person","90"
"2015M01","Luxembourg","Total","Total","Total","First time applicant","Person","85"
"2015M01","Hungary","Total","Total","Total","Asylum applicant","Person","11 925"
"2015M01","Hungary","Total","Total","Total","First time applicant","Person","11 655"
"2015M01","Malta","Total","Total","Total","Asylum applicant","Person","95"
"2015M01","Malta","Total","Total","Total","First time applicant","Person","65"
"2015M01","Netherlands","Total","Total","Total","Asylum applicant","Person","1 050"
"2015M01","Netherlands","Total","Total","Total","First time applicant","Person","885"
"2015M01","Austria","Total","Total","Total","Asylum applicant","Person","4 030"
"2015M01","Austria","Total","Total","Total","First time applicant","Person","3 875"
"2015M01","Poland","Total","Total","Total","Asylum applicant","Person","610"
"2015M01","Poland","Total","Total","Total","First time applicant","Person","485"
"2015M01","Portugal","Total","Total","Total","Asylum applicant","Person","40"
"2015M01","Portugal","Total","Total","Total","First time applicant","Person","40"
"2015M01","Romania","Total","Total","Total","Asylum applicant","Person","105"
"2015M01","Romania","Total","Total","Total","First time applicant","Person","100"
"2015M01","Slovenia","Total","Total","Total","Asylum applicant","Person","15"
"2015M01","Slovenia","Total","Total","Total","First time applicant","Person","15"
"2015M01","Slovakia","Total","Total","Total","Asylum applicant","Person","15"
"2015M01","Slovakia","Total","Total","Total","First time applicant","Person","15"
"2015M01","Finland","Total","Total","Total","Asylum applicant","Person","305"
"2015M01","Finland","Total","Total","Total","First time applicant","Person","305"
"2015M01","Sweden","Total","Total","Total","Asylum applicant","Person","4 895"
"2015M01","Sweden","Total","Total","Total","First time applicant","Person","4 345"
"2015M01","United Kingdom","Total","Total","Total","Asylum applicant","Person","2 785"
"2015M01","United Kingdom","Total","Total","Total","First time applicant","Person","2 750"
"2015M01","Iceland","Total","Total","Total","Asylum applicant","Person","15"
"2015M01","Iceland","Total","Total","Total","First time applicant","Person",":"
"2015M01","Liechtenstein","Total","Total","Total","Asylum applicant","Person","5"
"2015M01","Liechtenstein","Total","Total","Total","First time applicant","Person",":"
"2015M01","Norway","Total","Total","Total","Asylum applicant","Person","605"
"2015M01","Norway","Total","Total","Total","First time applicant","Person","570"
"2015M01","Switzerland","Total","Total","Total","Asylum applicant","Person","1 565"
"2015M01","Switzerland","Total","Total","Total","First time applicant","Person","1 450"
"2015M02","European Union (28 countries)","Total","Total","Total","Asylum applicant","Person","71 000"
"2015M02","European Union (28 countries)","Total","Total","Total","First time applicant","Person","64 905"
"2015M02","Belgium","Total","Total","Total","Asylum applicant","Person","1 640"
"2015M02","Belgium","Total","Total","Total","First time applicant","Person","1 070"
"2015M02","Bulgaria","Total","Total","Total","Asylum applicant","Person","1 045"
"2015M02","Bulgaria","Total","Total","Total","First time applicant","Person","1 025"
"2015M02","Czech Republic","Total","Total","Total","Asylum applicant","Person","115"
"2015M02","Czech Republic","Total","Total","Total","First time applicant","Person","95"
"2015M02","Denmark","Total","Total","Total","Asylum applicant","Person","445"
"2015M02","Denmark","Total","Total","Total","First time applicant","Person","430"
"2015M02","Germany (until 1990 former territory of the FRG)","Total","Total","Total","Asylum applicant","Person","26 085"
"2015M02","Germany (until 1990 former territory of the FRG)","Total","Total","Total","First time applicant","Person","22 775"
"2015M02","Estonia","Total","Total","Total","Asylum applicant","Person","15"
"2015M02","Estonia","Total","Total","Total","First time applicant","Person","15"
"2015M02","Ireland","Total","Total","Total","Asylum applicant","Person","200"
"2015M02","Ireland","Total","Total","Total","First time applicant","Person","200"
"2015M02","Greece","Total","Total","Total","Asylum applicant","Person","1 015"
"2015M02","Greece","Total","Total","Total","First time applicant","Person","895"
"2015M02","Spain","Total","Total","Total","Asylum applicant","Person","860"
"2015M02","Spain","Total","Total","Total","First time applicant","Person","850"
"2015M02","France","Total","Total","Total","Asylum applicant","Person","5 630"
"2015M02","France","Total","Total","Total","First time applicant","Person","5 135"
"2015M02","Croatia","Total","Total","Total","Asylum applicant","Person","25"
"2015M02","Croatia","Total","Total","Total","First time applicant","Person","15"
"2015M02","Italy","Total","Total","Total","Asylum applicant","Person","5 140"
"2015M02","Italy","Total","Total","Total","First time applicant","Person","5 075"
"2015M02","Cyprus","Total","Total","Total","Asylum applicant","Person","140"
"2015M02","Cyprus","Total","Total","Total","First time applicant","Person","125"
"2015M02","Latvia","Total","Total","Total","Asylum applicant","Person","15"
"2015M02","Latvia","Total","Total","Total","First time applicant","Person","15"
"2015M02","Lithuania","Total","Total","Total","Asylum applicant","Person","30"
"2015M02","Lithuania","Total","Total","Total","First time applicant","Person","25"
"2015M02","Luxembourg","Total","Total","Total","Asylum applicant","Person","95"
"2015M02","Luxembourg","Total","Total","Total","First time applicant","Person","95"
"2015M02","Hungary","Total","Total","Total","Asylum applicant","Person","16 695"
"2015M02","Hungary","Total","Total","Total","First time applicant","Person","16 405"
"2015M02","Malta","Total","Total","Total","Asylum applicant","Person","170"
"2015M02","Malta","Total","Total","Total","First time applicant","Person","160"
"2015M02","Netherlands","Total","Total","Total","Asylum applicant","Person","970"
"2015M02","Netherlands","Total","Total","Total","First time applicant","Person","740"
"2015M02","Austria","Total","Total","Total","Asylum applicant","Person","3 255"
"2015M02","Austria","Total","Total","Total","First time applicant","Person","3 065"
"2015M02","Poland","Total","Total","Total","Asylum applicant","Person","600"
"2015M02","Poland","Total","Total","Total","First time applicant","Person","470"
"2015M02","Portugal","Total","Total","Total","Asylum applicant","Person","80"
"2015M02","Portugal","Total","Total","Total","First time applicant","Person","80"
"2015M02","Romania","Total","Total","Total","Asylum applicant","Person","80"
"2015M02","Romania","Total","Total","Total","First time applicant","Person","75"
"2015M02","Slovenia","Total","Total","Total","Asylum applicant","Person","15"
"2015M02","Slovenia","Total","Total","Total","First time applicant","Person","10"
"2015M02","Slovakia","Total","Total","Total","Asylum applicant","Person","10"
"2015M02","Slovakia","Total","Total","Total","First time applicant","Person","10"
"2015M02","Finland","Total","Total","Total","Asylum applicant","Person","325"
"2015M02","Finland","Total","Total","Total","First time applicant","Person","310"
"2015M02","Sweden","Total","Total","Total","Asylum applicant","Person","4 050"
"2015M02","Sweden","Total","Total","Total","First time applicant","Person","3 520"
"2015M02","United Kingdom","Total","Total","Total","Asylum applicant","Person","2 255"
"2015M02","United Kingdom","Total","Total","Total","First time applicant","Person","2 225"
"2015M02","Iceland","Total","Total","Total","Asylum applicant","Person","15"
"2015M02","Iceland","Total","Total","Total","First time applicant","Person",":"
"2015M02","Liechtenstein","Total","Total","Total","Asylum applicant","Person","0"
"2015M02","Liechtenstein","Total","Total","Total","First time applicant","Person",":"
"2015M02","Norway","Total","Total","Total","Asylum applicant","Person","530"
"2015M02","Norway","Total","Total","Total","First time applicant","Person","485"
"2015M02","Switzerland","Total","Total","Total","Asylum applicant","Person","1 425"
"2015M02","Switzerland","Total","Total","Total","First time applicant","Person","1 310"
"2015M03","European Union (28 countries)","Total","Total","Total","Asylum applicant","Person","66 700"
"2015M03","European Union (28 countries)","Total","Total","Total","First time applicant","Person","60 675"
"2015M03","Belgium","Total","Total","Total","Asylum applicant","Person","1 755"
"2015M03","Belgium","Total","Total","Total","First time applicant","Person","1 170"
"2015M03","Bulgaria","Total","Total","Total","Asylum applicant","Person","1 110"
"2015M03","Bulgaria","Total","Total","Total","First time applicant","Person","1 110"
"2015M03","Czech Republic","Total","Total","Total","Asylum applicant","Person","195"
"2015M03","Czech Republic","Total","Total","Total","First time applicant","Person","170"
"2015M03","Denmark","Total","Total","Total","Asylum applicant","Person","465"
"2015M03","Denmark","Total","Total","Total","First time applicant","Person","455"
"2015M03","Germany (until 1990 former territory of the FRG)","Total","Total","Total","Asylum applicant","Person","32 055"
"2015M03","Germany (until 1990 former territory of the FRG)","Total","Total","Total","First time applicant","Person","28 680"
"2015M03","Estonia","Total","Total","Total","Asylum applicant","Person","30"
"2015M03","Estonia","Total","Total","Total","First time applicant","Person","30"
"2015M03","Ireland","Total","Total","Total","Asylum applicant","Person","210"
"2015M03","Ireland","Total","Total","Total","First time applicant","Person","210"
"2015M03","Greece","Total","Total","Total","Asylum applicant","Person","915"
"2015M03","Greece","Total","Total","Total","First time applicant","Person","790"
"2015M03","Spain","Total","Total","Total","Asylum applicant","Person","1 240"
"2015M03","Spain","Total","Total","Total","First time applicant","Person","1 220"
"2015M03","France","Total","Total","Total","Asylum applicant","Person","6 090"
"2015M03","France","Total","Total","Total","First time applicant","Person","5 610"
"2015M03","Croatia","Total","Total","Total","Asylum applicant","Person","15"
"2015M03","Croatia","Total","Total","Total","First time applicant","Person","15"
"2015M03","Italy","Total","Total","Total","Asylum applicant","Person","5 505"
"2015M03","Italy","Total","Total","Total","First time applicant","Person","5 430"
"2015M03","Cyprus","Total","Total","Total","Asylum applicant","Person","165"
"2015M03","Cyprus","Total","Total","Total","First time applicant","Person","150"
"2015M03","Latvia","Total","Total","Total","Asylum applicant","Person","15"
"2015M03","Latvia","Total","Total","Total","First time applicant","Person","15"
"2015M03","Lithuania","Total","Total","Total","Asylum applicant","Person","15"
"2015M03","Lithuania","Total","Total","Total","First time applicant","Person","5"
"2015M03","Luxembourg","Total","Total","Total","Asylum applicant","Person","105"
"2015M03","Luxembourg","Total","Total","Total","First time applicant","Person","85"
"2015M03","Hungary","Total","Total","Total","Asylum applicant","Person","4 925"
"2015M03","Hungary","Total","Total","Total","First time applicant","Person","4 750"
"2015M03","Malta","Total","Total","Total","Asylum applicant","Person","130"
"2015M03","Malta","Total","Total","Total","First time applicant","Person","120"
"2015M03","Netherlands","Total","Total","Total","Asylum applicant","Person","990"
"2015M03","Netherlands","Total","Total","Total","First time applicant","Person","800"
"2015M03","Austria","Total","Total","Total","Asylum applicant","Person","2 925"
"2015M03","Austria","Total","Total","Total","First time applicant","Person","2 770"
"2015M03","Poland","Total","Total","Total","Asylum applicant","Person","630"
"2015M03","Poland","Total","Total","Total","First time applicant","Person","485"
"2015M03","Portugal","Total","Total","Total","Asylum applicant","Person","60"
"2015M03","Portugal","Total","Total","Total","First time applicant","Person","60"
"2015M03","Romania","Total","Total","Total","Asylum applicant","Person","165"
"2015M03","Romania","Total","Total","Total","First time applicant","Person","160"
"2015M03","Slovenia","Total","Total","Total","Asylum applicant","Person","25"
"2015M03","Slovenia","Total","Total","Total","First time applicant","Person","20"
"2015M03","Slovakia","Total","Total","Total","Asylum applicant","Person","35"
"2015M03","Slovakia","Total","Total","Total","First time applicant","Person","25"
"2015M03","Finland","Total","Total","Total","Asylum applicant","Person","355"
"2015M03","Finland","Total","Total","Total","First time applicant","Person","345"
"2015M03","Sweden","Total","Total","Total","Asylum applicant","Person","4 120"
"2015M03","Sweden","Total","Total","Total","First time applicant","Person","3 570"
"2015M03","United Kingdom","Total","Total","Total","Asylum applicant","Person","2 455"
"2015M03","United Kingdom","Total","Total","Total","First time applicant","Person","2 420"
"2015M03","Iceland","Total","Total","Total","Asylum applicant","Person","10"
"2015M03","Iceland","Total","Total","Total","First time applicant","Person",":"
"2015M03","Liechtenstein","Total","Total","Total","Asylum applicant","Person","10"
"2015M03","Liechtenstein","Total","Total","Total","First time applicant","Person",":"
"2015M03","Norway","Total","Total","Total","Asylum applicant","Person","535"
"2015M03","Norway","Total","Total","Total","First time applicant","Person","485"
"2015M03","Switzerland","Total","Total","Total","Asylum applicant","Person","1 500"
"2015M03","Switzerland","Total","Total","Total","First time applicant","Person","1 380"
"2015M04","European Union (28 countries)","Total","Total","Total","Asylum applicant","Person","63 195"
"2015M04","European Union (28 countries)","Total","Total","Total","First time applicant","Person","57 740"
"2015M04","Belgium","Total","Total","Total","Asylum applicant","Person","1 625"
"2015M04","Belgium","Total","Total","Total","First time applicant","Person","1 115"
"2015M04","Bulgaria","Total","Total","Total","Asylum applicant","Person","1 130"
"2015M04","Bulgaria","Total","Total","Total","First time applicant","Person","1 120"
"2015M04","Czech Republic","Total","Total","Total","Asylum applicant","Person","130"
"2015M04","Czech Republic","Total","Total","Total","First time applicant","Person","105"
"2015M04","Denmark","Total","Total","Total","Asylum applicant","Person","560"
"2015M04","Denmark","Total","Total","Total","First time applicant","Person","550"
"2015M04","Germany (until 1990 former territory of the FRG)","Total","Total","Total","Asylum applicant","Person","27 175"
"2015M04","Germany (until 1990 former territory of the FRG)","Total","Total","Total","First time applicant","Person","24 505"
"2015M04","Estonia","Total","Total","Total","Asylum applicant","Person","30"
"2015M04","Estonia","Total","Total","Total","First time applicant","Person","30"
"2015M04","Ireland","Total","Total","Total","Asylum applicant","Person","265"
"2015M04","Ireland","Total","Total","Total","First time applicant","Person","265"
"2015M04","Greece","Total","Total","Total","Asylum applicant","Person","980"
"2015M04","Greece","Total","Total","Total","First time applicant","Person","855"
"2015M04","Spain","Total","Total","Total","Asylum applicant","Person","1 345"
"2015M04","Spain","Total","Total","Total","First time applicant","Person","1 330"
"2015M04","France","Total","Total","Total","Asylum applicant","Person","5 650"
"2015M04","France","Total","Total","Total","First time applicant","Person","5 175"
"2015M04","Croatia","Total","Total","Total","Asylum applicant","Person","15"
"2015M04","Croatia","Total","Total","Total","First time applicant","Person","10"
"2015M04","Italy","Total","Total","Total","Asylum applicant","Person","4 590"
"2015M04","Italy","Total","Total","Total","First time applicant","Person","4 500"
"2015M04","Cyprus","Total","Total","Total","Asylum applicant","Person","165"
"2015M04","Cyprus","Total","Total","Total","First time applicant","Person","145"
"2015M04","Latvia","Total","Total","Total","Asylum applicant","Person","25"
"2015M04","Latvia","Total","Total","Total","First time applicant","Person","25"
"2015M04","Lithuania","Total","Total","Total","Asylum applicant","Person","25"
"2015M04","Lithuania","Total","Total","Total","First time applicant","Person","25"
"2015M04","Luxembourg","Total","Total","Total","Asylum applicant","Person","80"
"2015M04","Luxembourg","Total","Total","Total","First time applicant","Person","70"
"2015M04","Hungary","Total","Total","Total","Asylum applicant","Person","6 690"
"2015M04","Hungary","Total","Total","Total","First time applicant","Person","6 485"
"2015M04","Malta","Total","Total","Total","Asylum applicant","Person","115"
"2015M04","Malta","Total","Total","Total","First time applicant","Person","105"
"2015M04","Netherlands","Total","Total","Total","Asylum applicant","Person","1 275"
"2015M04","Netherlands","Total","Total","Total","First time applicant","Person","1 085"
"2015M04","Austria","Total","Total","Total","Asylum applicant","Person","4 040"
"2015M04","Austria","Total","Total","Total","First time applicant","Person","3 715"
"2015M04","Poland","Total","Total","Total","Asylum applicant","Person","750"
"2015M04","Poland","Total","Total","Total","First time applicant","Person","540"
"2015M04","Portugal","Total","Total","Total","Asylum applicant","Person","80"
"2015M04","Portugal","Total","Total","Total","First time applicant","Person","80"
"2015M04","Romania","Total","Total","Total","Asylum applicant","Person","210"
"2015M04","Romania","Total","Total","Total","First time applicant","Person","205"
"2015M04","Slovenia","Total","Total","Total","Asylum applicant","Person","15"
"2015M04","Slovenia","Total","Total","Total","First time applicant","Person","15"
"2015M04","Slovakia","Total","Total","Total","Asylum applicant","Person","10"
"2015M04","Slovakia","Total","Total","Total","First time applicant","Person","5"
"2015M04","Finland","Total","Total","Total","Asylum applicant","Person","340"
"2015M04","Finland","Total","Total","Total","First time applicant","Person","335"
"2015M04","Sweden","Total","Total","Total","Asylum applicant","Person","3 920"
"2015M04","Sweden","Total","Total","Total","First time applicant","Person","3 405"
"2015M04","United Kingdom","Total","Total","Total","Asylum applicant","Person","1 960"
"2015M04","United Kingdom","Total","Total","Total","First time applicant","Person","1 935"
"2015M04","Iceland","Total","Total","Total","Asylum applicant","Person","15"
"2015M04","Iceland","Total","Total","Total","First time applicant","Person",":"
"2015M04","Liechtenstein","Total","Total","Total","Asylum applicant","Person","5"
"2015M04","Liechtenstein","Total","Total","Total","First time applicant","Person",":"
"2015M04","Norway","Total","Total","Total","Asylum applicant","Person","580"
"2015M04","Norway","Total","Total","Total","First time applicant","Person","520"
"2015M04","Switzerland","Total","Total","Total","Asylum applicant","Person","1 375"
"2015M04","Switzerland","Total","Total","Total","First time applicant","Person","1 270"
"2015M05","European Union (28 countries)","Total","Total","Total","Asylum applicant","Person","71 390"
"2015M05","European Union (28 countries)","Total","Total","Total","First time applicant","Person","66 770"
"2015M05","Belgium","Total","Total","Total","Asylum applicant","Person","2 095"
"2015M05","Belgium","Total","Total","Total","First time applicant","Person","1 615"
"2015M05","Bulgaria","Total","Total","Total","Asylum applicant","Person","1 345"
"2015M05","Bulgaria","Total","Total","Total","First time applicant","Person","1 325"
"2015M05","Czech Republic","Total","Total","Total","Asylum applicant","Person","110"
"2015M05","Czech Republic","Total","Total","Total","First time applicant","Person","85"
"2015M05","Denmark","Total","Total","Total","Asylum applicant","Person","880"
"2015M05","Denmark","Total","Total","Total","First time applicant","Person","870"
"2015M05","Germany (until 1990 former territory of the FRG)","Total","Total","Total","Asylum applicant","Person","25 990"
"2015M05","Germany (until 1990 former territory of the FRG)","Total","Total","Total","First time applicant","Person","23 760"
"2015M05","Estonia","Total","Total","Total","Asylum applicant","Person","10"
"2015M05","Estonia","Total","Total","Total","First time applicant","Person","10"
"2015M05","Ireland","Total","Total","Total","Asylum applicant","Person","255"
"2015M05","Ireland","Total","Total","Total","First time applicant","Person","255"
"2015M05","Greece","Total","Total","Total","Asylum applicant","Person","1 145"
"2015M05","Greece","Total","Total","Total","First time applicant","Person","1 005"
"2015M05","Spain","Total","Total","Total","Asylum applicant","Person","1 065"
"2015M05","Spain","Total","Total","Total","First time applicant","Person","1 060"
"2015M05","France","Total","Total","Total","Asylum applicant","Person","4 745"
"2015M05","France","Total","Total","Total","First time applicant","Person","4 355"
"2015M05","Croatia","Total","Total","Total","Asylum applicant","Person","10"
"2015M05","Croatia","Total","Total","Total","First time applicant","Person","5"
"2015M05","Italy","Total","Total","Total","Asylum applicant","Person","5 180"
"2015M05","Italy","Total","Total","Total","First time applicant","Person","5 130"
"2015M05","Cyprus","Total","Total","Total","Asylum applicant","Person","135"
"2015M05","Cyprus","Total","Total","Total","First time applicant","Person","120"
"2015M05","Latvia","Total","Total","Total","Asylum applicant","Person","35"
"2015M05","Latvia","Total","Total","Total","First time applicant","Person","30"
"2015M05","Lithuania","Total","Total","Total","Asylum applicant","Person","25"
"2015M05","Lithuania","Total","Total","Total","First time applicant","Person","25"
"2015M05","Luxembourg","Total","Total","Total","Asylum applicant","Person","95"
"2015M05","Luxembourg","Total","Total","Total","First time applicant","Person","85"
"2015M05","Hungary","Total","Total","Total","Asylum applicant","Person","9 970"
"2015M05","Hungary","Total","Total","Total","First time applicant","Person","9 800"
"2015M05","Malta","Total","Total","Total","Asylum applicant","Person","180"
"2015M05","Malta","Total","Total","Total","First time applicant","Person","160"
"2015M05","Netherlands","Total","Total","Total","Asylum applicant","Person","2 375"
"2015M05","Netherlands","Total","Total","Total","First time applicant","Person","2 250"
"2015M05","Austria","Total","Total","Total","Asylum applicant","Person","6 395"
"2015M05","Austria","Total","Total","Total","First time applicant","Person","6 195"
"2015M05","Poland","Total","Total","Total","Asylum applicant","Person","680"
"2015M05","Poland","Total","Total","Total","First time applicant","Person","525"
"2015M05","Portugal","Total","Total","Total","Asylum applicant","Person","80"
"2015M05","Portugal","Total","Total","Total","First time applicant","Person","80"
"2015M05","Romania","Total","Total","Total","Asylum applicant","Person","90"
"2015M05","Romania","Total","Total","Total","First time applicant","Person","85"
"2015M05","Slovenia","Total","Total","Total","Asylum applicant","Person","15"
"2015M05","Slovenia","Total","Total","Total","First time applicant","Person","10"
"2015M05","Slovakia","Total","Total","Total","Asylum applicant","Person","25"
"2015M05","Slovakia","Total","Total","Total","First time applicant","Person","20"
"2015M05","Finland","Total","Total","Total","Asylum applicant","Person","515"
"2015M05","Finland","Total","Total","Total","First time applicant","Person","510"
"2015M05","Sweden","Total","Total","Total","Asylum applicant","Person","5 375"
"2015M05","Sweden","Total","Total","Total","First time applicant","Person","4 850"
"2015M05","United Kingdom","Total","Total","Total","Asylum applicant","Person","2 575"
"2015M05","United Kingdom","Total","Total","Total","First time applicant","Person","2 545"
"2015M05","Iceland","Total","Total","Total","Asylum applicant","Person","5"
"2015M05","Iceland","Total","Total","Total","First time applicant","Person",":"
"2015M05","Liechtenstein","Total","Total","Total","Asylum applicant","Person","15"
"2015M05","Liechtenstein","Total","Total","Total","First time applicant","Person",":"
"2015M05","Norway","Total","Total","Total","Asylum applicant","Person","1 225"
"2015M05","Norway","Total","Total","Total","First time applicant","Person","1 165"
"2015M05","Switzerland","Total","Total","Total","Asylum applicant","Person","2 205"
"2015M05","Switzerland","Total","Total","Total","First time applicant","Person","2 080"
"2015M06","European Union (28 countries)","Total","Total","Total","Asylum applicant","Person","94 205"
"2015M06","European Union (28 countries)","Total","Total","Total","First time applicant","Person","88 830"
"2015M06","Belgium","Total","Total","Total","Asylum applicant","Person","2 895"
"2015M06","Belgium","Total","Total","Total","First time applicant","Person","2 325"
"2015M06","Bulgaria","Total","Total","Total","Asylum applicant","Person","1 630"
"2015M06","Bulgaria","Total","Total","Total","First time applicant","Person","1 605"
"2015M06","Czech Republic","Total","Total","Total","Asylum applicant","Person","105"
"2015M06","Czech Republic","Total","Total","Total","First time applicant","Person","85"
"2015M06","Denmark","Total","Total","Total","Asylum applicant","Person","1 090"
"2015M06","Denmark","Total","Total","Total","First time applicant","Person","1 075"
"2015M06","Germany (until 1990 former territory of the FRG)","Total","Total","Total","Asylum applicant","Person","35 445"
"2015M06","Germany (until 1990 former territory of the FRG)","Total","Total","Total","First time applicant","Person","32 705"
"2015M06","Estonia","Total","Total","Total","Asylum applicant","Person","25"
"2015M06","Estonia","Total","Total","Total","First time applicant","Person","25"
"2015M06","Ireland","Total","Total","Total","Asylum applicant","Person","335"
"2015M06","Ireland","Total","Total","Total","First time applicant","Person","335"
"2015M06","Greece","Total","Total","Total","Asylum applicant","Person","1 120"
"2015M06","Greece","Total","Total","Total","First time applicant","Person","1 000"
"2015M06","Spain","Total","Total","Total","Asylum applicant","Person","1 305"
"2015M06","Spain","Total","Total","Total","First time applicant","Person","1 290"
"2015M06","France","Total","Total","Total","Asylum applicant","Person","5 600"
"2015M06","France","Total","Total","Total","First time applicant","Person","5 150"
"2015M06","Croatia","Total","Total","Total","Asylum applicant","Person","10"
"2015M06","Croatia","Total","Total","Total","First time applicant","Person","5"
"2015M06","Italy","Total","Total","Total","Asylum applicant","Person","5 335"
"2015M06","Italy","Total","Total","Total","First time applicant","Person","5 265"
"2015M06","Cyprus","Total","Total","Total","Asylum applicant","Person","150"
"2015M06","Cyprus","Total","Total","Total","First time applicant","Person","135"
"2015M06","Latvia","Total","Total","Total","Asylum applicant","Person","50"
"2015M06","Latvia","Total","Total","Total","First time applicant","Person","50"
"2015M06","Lithuania","Total","Total","Total","Asylum applicant","Person","10"
"2015M06","Lithuania","Total","Total","Total","First time applicant","Person","10"
"2015M06","Luxembourg","Total","Total","Total","Asylum applicant","Person","105"
"2015M06","Luxembourg","Total","Total","Total","First time applicant","Person","95"
"2015M06","Hungary","Total","Total","Total","Asylum applicant","Person","16 580"
"2015M06","Hungary","Total","Total","Total","First time applicant","Person","16 385"
"2015M06","Malta","Total","Total","Total","Asylum applicant","Person","120"
"2015M06","Malta","Total","Total","Total","First time applicant","Person","115"
"2015M06","Netherlands","Total","Total","Total","Asylum applicant","Person","3 085"
"2015M06","Netherlands","Total","Total","Total","First time applicant","Person","2 935"
"2015M06","Austria","Total","Total","Total","Asylum applicant","Person","7 680"
"2015M06","Austria","Total","Total","Total","First time applicant","Person","7 490"
"2015M06","Poland","Total","Total","Total","Asylum applicant","Person","860"
"2015M06","Poland","Total","Total","Total","First time applicant","Person","700"
"2015M06","Portugal","Total","Total","Total","Asylum applicant","Person","90"
"2015M06","Portugal","Total","Total","Total","First time applicant","Person","90"
"2015M06","Romania","Total","Total","Total","Asylum applicant","Person","85"
"2015M06","Romania","Total","Total","Total","First time applicant","Person","85"
"2015M06","Slovenia","Total","Total","Total","Asylum applicant","Person","15"
"2015M06","Slovenia","Total","Total","Total","First time applicant","Person","15"
"2015M06","Slovakia","Total","Total","Total","Asylum applicant","Person","10"
"2015M06","Slovakia","Total","Total","Total","First time applicant","Person","5"
"2015M06","Finland","Total","Total","Total","Asylum applicant","Person","770"
"2015M06","Finland","Total","Total","Total","First time applicant","Person","760"
"2015M06","Sweden","Total","Total","Total","Asylum applicant","Person","6 625"
"2015M06","Sweden","Total","Total","Total","First time applicant","Person","6 055"
"2015M06","United Kingdom","Total","Total","Total","Asylum applicant","Person","3 075"
"2015M06","United Kingdom","Total","Total","Total","First time applicant","Person","3 045"
"2015M06","Iceland","Total","Total","Total","Asylum applicant","Person","20"
"2015M06","Iceland","Total","Total","Total","First time applicant","Person",":"
"2015M06","Liechtenstein","Total","Total","Total","Asylum applicant","Person","20"
"2015M06","Liechtenstein","Total","Total","Total","First time applicant","Person",":"
"2015M06","Norway","Total","Total","Total","Asylum applicant","Person","1 145"
"2015M06","Norway","Total","Total","Total","First time applicant","Person","1 075"
"2015M06","Switzerland","Total","Total","Total","Asylum applicant","Person","3 805"
"2015M06","Switzerland","Total","Total","Total","First time applicant","Person","3 670"
"2015M07","European Union (28 countries)","Total","Total","Total","Asylum applicant","Person","120 140"
"2015M07","European Union (28 countries)","Total","Total","Total","First time applicant","Person","114 135"
"2015M07","Belgium","Total","Total","Total","Asylum applicant","Person","3 600"
"2015M07","Belgium","Total","Total","Total","First time applicant","Person","3 140"
"2015M07","Bulgaria","Total","Total","Total","Asylum applicant","Person","1 870"
"2015M07","Bulgaria","Total","Total","Total","First time applicant","Person","1 850"
"2015M07","Czech Republic","Total","Total","Total","Asylum applicant","Person","100"
"2015M07","Czech Republic","Total","Total","Total","First time applicant","Person","75"
"2015M07","Denmark","Total","Total","Total","Asylum applicant","Person","1 040"
"2015M07","Denmark","Total","Total","Total","First time applicant","Person","1 030"
"2015M07","Germany (until 1990 former territory of the FRG)","Total","Total","Total","Asylum applicant","Person","37 530"
"2015M07","Germany (until 1990 former territory of the FRG)","Total","Total","Total","First time applicant","Person","34 385"
"2015M07","Estonia","Total","Total","Total","Asylum applicant","Person","20"
"2015M07","Estonia","Total","Total","Total","First time applicant","Person","20"
"2015M07","Ireland","Total","Total","Total","Asylum applicant","Person","290"
"2015M07","Ireland","Total","Total","Total","First time applicant","Person","290"
"2015M07","Greece","Total","Total","Total","Asylum applicant","Person","1 235"
"2015M07","Greece","Total","Total","Total","First time applicant","Person","1 065"
"2015M07","Spain","Total","Total","Total","Asylum applicant","Person","1 170"
"2015M07","Spain","Total","Total","Total","First time applicant","Person","1 145"
"2015M07","France","Total","Total","Total","Asylum applicant","Person","5 735"
"2015M07","France","Total","Total","Total","First time applicant","Person","5 330"
"2015M07","Croatia","Total","Total","Total","Asylum applicant","Person","15"
"2015M07","Croatia","Total","Total","Total","First time applicant","Person","10"
"2015M07","Italy","Total","Total","Total","Asylum applicant","Person","8 610"
"2015M07","Italy","Total","Total","Total","First time applicant","Person","8 510"
"2015M07","Cyprus","Total","Total","Total","Asylum applicant","Person","165"
"2015M07","Cyprus","Total","Total","Total","First time applicant","Person","155"
"2015M07","Latvia","Total","Total","Total","Asylum applicant","Person","30"
"2015M07","Latvia","Total","Total","Total","First time applicant","Person","30"
"2015M07","Lithuania","Total","Total","Total","Asylum applicant","Person","35"
"2015M07","Lithuania","Total","Total","Total","First time applicant","Person","35"
"2015M07","Luxembourg","Total","Total","Total","Asylum applicant","Person","115"
"2015M07","Luxembourg","Total","Total","Total","First time applicant","Person","90"
"2015M07","Hungary","Total","Total","Total","Asylum applicant","Person","31 285"
"2015M07","Hungary","Total","Total","Total","First time applicant","Person","30 870"
"2015M07","Malta","Total","Total","Total","Asylum applicant","Person","145"
"2015M07","Malta","Total","Total","Total","First time applicant","Person","145"
"2015M07","Netherlands","Total","Total","Total","Asylum applicant","Person","3 160"
"2015M07","Netherlands","Total","Total","Total","First time applicant","Person","2 990"
"2015M07","Austria","Total","Total","Total","Asylum applicant","Person","8 790"
"2015M07","Austria","Total","Total","Total","First time applicant","Person","8 555"
"2015M07","Poland","Total","Total","Total","Asylum applicant","Person","1 145"
"2015M07","Poland","Total","Total","Total","First time applicant","Person","985"
"2015M07","Portugal","Total","Total","Total","Asylum applicant","Person","70"
"2015M07","Portugal","Total","Total","Total","First time applicant","Person","70"
"2015M07","Romania","Total","Total","Total","Asylum applicant","Person","90"
"2015M07","Romania","Total","Total","Total","First time applicant","Person","85"
"2015M07","Slovenia","Total","Total","Total","Asylum applicant","Person","10"
"2015M07","Slovenia","Total","Total","Total","First time applicant","Person","10"
"2015M07","Slovakia","Total","Total","Total","Asylum applicant","Person","15"
"2015M07","Slovakia","Total","Total","Total","First time applicant","Person","5"
"2015M07","Finland","Total","Total","Total","Asylum applicant","Person","1 480"
"2015M07","Finland","Total","Total","Total","First time applicant","Person","1 455"
"2015M07","Sweden","Total","Total","Total","Asylum applicant","Person","8 070"
"2015M07","Sweden","Total","Total","Total","First time applicant","Person","7 525"
"2015M07","United Kingdom","Total","Total","Total","Asylum applicant","Person","4 325"
"2015M07","United Kingdom","Total","Total","Total","First time applicant","Person","4 280"
"2015M07","Iceland","Total","Total","Total","Asylum applicant","Person","20"
"2015M07","Iceland","Total","Total","Total","First time applicant","Person",":"
"2015M07","Liechtenstein","Total","Total","Total","Asylum applicant","Person","10"
"2015M07","Liechtenstein","Total","Total","Total","First time applicant","Person",":"
"2015M07","Norway","Total","Total","Total","Asylum applicant","Person","1 400"
"2015M07","Norway","Total","Total","Total","First time applicant","Person","1 335"
"2015M07","Switzerland","Total","Total","Total","Asylum applicant","Person","3 900"
"2015M07","Switzerland","Total","Total","Total","First time applicant","Person","3 785"
"2015M08","European Union (28 countries)","Total","Total","Total","Asylum applicant","Person","144 010"
"2015M08","European Union (28 countries)","Total","Total","Total","First time applicant","Person","138 465"
"2015M08","Belgium","Total","Total","Total","Asylum applicant","Person","5 595"
"2015M08","Belgium","Total","Total","Total","First time applicant","Person","5 165"
"2015M08","Bulgaria","Total","Total","Total","Asylum applicant","Person","1 445"
"2015M08","Bulgaria","Total","Total","Total","First time applicant","Person","1 435"
"2015M08","Czech Republic","Total","Total","Total","Asylum applicant","Person","105"
"2015M08","Czech Republic","Total","Total","Total","First time applicant","Person","85"
"2015M08","Denmark","Total","Total","Total","Asylum applicant","Person","1 815"
"2015M08","Denmark","Total","Total","Total","First time applicant","Person","1 810"
"2015M08","Germany (until 1990 former territory of the FRG)","Total","Total","Total","Asylum applicant","Person","36 420"
"2015M08","Germany (until 1990 former territory of the FRG)","Total","Total","Total","First time applicant","Person","33 445"
"2015M08","Estonia","Total","Total","Total","Asylum applicant","Person","10"
"2015M08","Estonia","Total","Total","Total","First time applicant","Person","10"
"2015M08","Ireland","Total","Total","Total","Asylum applicant","Person","330"
"2015M08","Ireland","Total","Total","Total","First time applicant","Person","330"
"2015M08","Greece","Total","Total","Total","Asylum applicant","Person","1 050"
"2015M08","Greece","Total","Total","Total","First time applicant","Person","880"
"2015M08","Spain","Total","Total","Total","Asylum applicant","Person","1 045"
"2015M08","Spain","Total","Total","Total","First time applicant","Person","1 030"
"2015M08","France","Total","Total","Total","Asylum applicant","Person","5 580"
"2015M08","France","Total","Total","Total","First time applicant","Person","5 240"
"2015M08","Croatia","Total","Total","Total","Asylum applicant","Person","10"
"2015M08","Croatia","Total","Total","Total","First time applicant","Person","5"
"2015M08","Italy","Total","Total","Total","Asylum applicant","Person","8 825"
"2015M08","Italy","Total","Total","Total","First time applicant","Person","8 775"
"2015M08","Cyprus","Total","Total","Total","Asylum applicant","Person","125"
"2015M08","Cyprus","Total","Total","Total","First time applicant","Person","120"
"2015M08","Latvia","Total","Total","Total","Asylum applicant","Person","20"
"2015M08","Latvia","Total","Total","Total","First time applicant","Person","20"
"2015M08","Lithuania","Total","Total","Total","Asylum applicant","Person","35"
"2015M08","Lithuania","Total","Total","Total","First time applicant","Person","30"
"2015M08","Luxembourg","Total","Total","Total","Asylum applicant","Person","190"
"2015M08","Luxembourg","Total","Total","Total","First time applicant","Person","165"
"2015M08","Hungary","Total","Total","Total","Asylum applicant","Person","47 095"
"2015M08","Hungary","Total","Total","Total","First time applicant","Person","46 720"
"2015M08","Malta","Total","Total","Total","Asylum applicant","Person","130"
"2015M08","Malta","Total","Total","Total","First time applicant","Person","115"
"2015M08","Netherlands","Total","Total","Total","Asylum applicant","Person","5 500"
"2015M08","Netherlands","Total","Total","Total","First time applicant","Person","5 355"
"2015M08","Austria","Total","Total","Total","Asylum applicant","Person","8 795"
"2015M08","Austria","Total","Total","Total","First time applicant","Person","8 500"
"2015M08","Poland","Total","Total","Total","Asylum applicant","Person","1 375"
"2015M08","Poland","Total","Total","Total","First time applicant","Person","1 235"
"2015M08","Portugal","Total","Total","Total","Asylum applicant","Person","75"
"2015M08","Portugal","Total","Total","Total","First time applicant","Person","75"
"2015M08","Romania","Total","Total","Total","Asylum applicant","Person","110"
"2015M08","Romania","Total","Total","Total","First time applicant","Person","110"
"2015M08","Slovenia","Total","Total","Total","Asylum applicant","Person","20"
"2015M08","Slovenia","Total","Total","Total","First time applicant","Person","20"
"2015M08","Slovakia","Total","Total","Total","Asylum applicant","Person","10"
"2015M08","Slovakia","Total","Total","Total","First time applicant","Person","5"
"2015M08","Finland","Total","Total","Total","Asylum applicant","Person","2 890"
"2015M08","Finland","Total","Total","Total","First time applicant","Person","2 865"
"2015M08","Sweden","Total","Total","Total","Asylum applicant","Person","11 745"
"2015M08","Sweden","Total","Total","Total","First time applicant","Person","11 290"
"2015M08","United Kingdom","Total","Total","Total","Asylum applicant","Person","3 665"
"2015M08","United Kingdom","Total","Total","Total","First time applicant","Person","3 620"
"2015M08","Iceland","Total","Total","Total","Asylum applicant","Person","45"
"2015M08","Iceland","Total","Total","Total","First time applicant","Person",":"
"2015M08","Liechtenstein","Total","Total","Total","Asylum applicant","Person","10"
"2015M08","Liechtenstein","Total","Total","Total","First time applicant","Person",":"
"2015M08","Norway","Total","Total","Total","Asylum applicant","Person","2 330"
"2015M08","Norway","Total","Total","Total","First time applicant","Person","2 285"
"2015M08","Switzerland","Total","Total","Total","Asylum applicant","Person","3 900"
"2015M08","Switzerland","Total","Total","Total","First time applicant","Person","3 790"
"2015M09","European Union (28 countries)","Total","Total","Total","Asylum applicant","Person","166 625"
"2015M09","European Union (28 countries)","Total","Total","Total","First time applicant","Person","161 340"
"2015M09","Belgium","Total","Total","Total","Asylum applicant","Person","6 830"
"2015M09","Belgium","Total","Total","Total","First time applicant","Person","6 360"
"2015M09","Bulgaria","Total","Total","Total","Asylum applicant","Person","2 075"
"2015M09","Bulgaria","Total","Total","Total","First time applicant","Person","2 060"
"2015M09","Czech Republic","Total","Total","Total","Asylum applicant","Person","125"
"2015M09","Czech Republic","Total","Total","Total","First time applicant","Person","100"
"2015M09","Denmark","Total","Total","Total","Asylum applicant","Person","2 690"
"2015M09","Denmark","Total","Total","Total","First time applicant","Person","2 680"
"2015M09","Germany (until 1990 former territory of the FRG)","Total","Total","Total","Asylum applicant","Person","43 065"
"2015M09","Germany (until 1990 former territory of the FRG)","Total","Total","Total","First time applicant","Person","40 485"
"2015M09","Estonia","Total","Total","Total","Asylum applicant","Person","45"
"2015M09","Estonia","Total","Total","Total","First time applicant","Person","45"
"2015M09","Ireland","Total","Total","Total","Asylum applicant","Person","405"
"2015M09","Ireland","Total","Total","Total","First time applicant","Person","405"
"2015M09","Greece","Total","Total","Total","Asylum applicant","Person","1 155"
"2015M09","Greece","Total","Total","Total","First time applicant","Person","940"
"2015M09","Spain","Total","Total","Total","Asylum applicant","Person","1 425"
"2015M09","Spain","Total","Total","Total","First time applicant","Person","1 405"
"2015M09","France","Total","Total","Total","Asylum applicant","Person","7 370"
"2015M09","France","Total","Total","Total","First time applicant","Person","7 070"
"2015M09","Croatia","Total","Total","Total","Asylum applicant","Person","25"
"2015M09","Croatia","Total","Total","Total","First time applicant","Person","20"
"2015M09","Italy","Total","Total","Total","Asylum applicant","Person","11 195"
"2015M09","Italy","Total","Total","Total","First time applicant","Person","11 105"
"2015M09","Cyprus","Total","Total","Total","Asylum applicant","Person","350"
"2015M09","Cyprus","Total","Total","Total","First time applicant","Person","335"
"2015M09","Latvia","Total","Total","Total","Asylum applicant","Person","45"
"2015M09","Latvia","Total","Total","Total","First time applicant","Person","45"
"2015M09","Lithuania","Total","Total","Total","Asylum applicant","Person","25"
"2015M09","Lithuania","Total","Total","Total","First time applicant","Person","20"
"2015M09","Luxembourg","Total","Total","Total","Asylum applicant","Person","380"
"2015M09","Luxembourg","Total","Total","Total","First time applicant","Person","365"
"2015M09","Hungary","Total","Total","Total","Asylum applicant","Person","30 795"
"2015M09","Hungary","Total","Total","Total","First time applicant","Person","30 495"
"2015M09","Malta","Total","Total","Total","Asylum applicant","Person","175"
"2015M09","Malta","Total","Total","Total","First time applicant","Person","170"
"2015M09","Netherlands","Total","Total","Total","Asylum applicant","Person","6 625"
"2015M09","Netherlands","Total","Total","Total","First time applicant","Person","6 430"
"2015M09","Austria","Total","Total","Total","Asylum applicant","Person","10 780"
"2015M09","Austria","Total","Total","Total","First time applicant","Person","10 545"
"2015M09","Poland","Total","Total","Total","Asylum applicant","Person","1 690"
"2015M09","Poland","Total","Total","Total","First time applicant","Person","1 490"
"2015M09","Portugal","Total","Total","Total","Asylum applicant","Person","70"
"2015M09","Portugal","Total","Total","Total","First time applicant","Person","70"
"2015M09","Romania","Total","Total","Total","Asylum applicant","Person","80"
"2015M09","Romania","Total","Total","Total","First time applicant","Person","75"
"2015M09","Slovenia","Total","Total","Total","Asylum applicant","Person","40"
"2015M09","Slovenia","Total","Total","Total","First time applicant","Person","40"
"2015M09","Slovakia","Total","Total","Total","Asylum applicant","Person","10"
"2015M09","Slovakia","Total","Total","Total","First time applicant","Person","5"
"2015M09","Finland","Total","Total","Total","Asylum applicant","Person","10 815"
"2015M09","Finland","Total","Total","Total","First time applicant","Person","10 805"
"2015M09","Sweden","Total","Total","Total","Asylum applicant","Person","24 265"
"2015M09","Sweden","Total","Total","Total","First time applicant","Person","23 735"
"2015M09","United Kingdom","Total","Total","Total","Asylum applicant","Person","4 075"
"2015M09","United Kingdom","Total","Total","Total","First time applicant","Person","4 030"
"2015M09","Iceland","Total","Total","Total","Asylum applicant","Person","60"
"2015M09","Iceland","Total","Total","Total","First time applicant","Person",":"
"2015M09","Liechtenstein","Total","Total","Total","Asylum applicant","Person","35"
"2015M09","Liechtenstein","Total","Total","Total","First time applicant","Person",":"
"2015M09","Norway","Total","Total","Total","Asylum applicant","Person","4 945"
"2015M09","Norway","Total","Total","Total","First time applicant","Person","4 895"
"2015M09","Switzerland","Total","Total","Total","Asylum applicant","Person","4 540"
"2015M09","Switzerland","Total","Total","Total","First time applicant","Person","4 415"
"2015M10","European Union (28 countries)","Total","Total","Total","Asylum applicant","Person","152 155"
"2015M10","European Union (28 countries)","Total","Total","Total","First time applicant","Person","137 400"
"2015M10","Belgium","Total","Total","Total","Asylum applicant","Person","6 045"
"2015M10","Belgium","Total","Total","Total","First time applicant","Person","5 530"
"2015M10","Bulgaria","Total","Total","Total","Asylum applicant","Person","3 545"
"2015M10","Bulgaria","Total","Total","Total","First time applicant","Person","3 530"
"2015M10","Czech Republic","Total","Total","Total","Asylum applicant","Person","130"
"2015M10","Czech Republic","Total","Total","Total","First time applicant","Person","115"
"2015M10","Denmark","Total","Total","Total","Asylum applicant","Person","3 645"
"2015M10","Denmark","Total","Total","Total","First time applicant","Person","3 635"
"2015M10","Germany (until 1990 former territory of the FRG)","Total","Total","Total","Asylum applicant","Person","54 875"
"2015M10","Germany (until 1990 former territory of the FRG)","Total","Total","Total","First time applicant","Person","52 730"
"2015M10","Estonia","Total","Total","Total","Asylum applicant","Person","20"
"2015M10","Estonia","Total","Total","Total","First time applicant","Person","20"
"2015M10","Ireland","Total","Total","Total","Asylum applicant","Person","265"
"2015M10","Ireland","Total","Total","Total","First time applicant","Person","265"
"2015M10","Greece","Total","Total","Total","Asylum applicant","Person","1 045"
"2015M10","Greece","Total","Total","Total","First time applicant","Person","845"
"2015M10","Spain","Total","Total","Total","Asylum applicant","Person",":"
"2015M10","Spain","Total","Total","Total","First time applicant","Person",":"
"2015M10","France","Total","Total","Total","Asylum applicant","Person","8 060"
"2015M10","France","Total","Total","Total","First time applicant","Person","7 735"
"2015M10","Croatia","Total","Total","Total","Asylum applicant","Person","25"
"2015M10","Croatia","Total","Total","Total","First time applicant","Person","20"
"2015M10","Italy","Total","Total","Total","Asylum applicant","Person","10 440"
"2015M10","Italy","Total","Total","Total","First time applicant","Person",":"
"2015M10","Cyprus","Total","Total","Total","Asylum applicant","Person",":"
"2015M10","Cyprus","Total","Total","Total","First time applicant","Person",":"
"2015M10","Latvia","Total","Total","Total","Asylum applicant","Person","70"
"2015M10","Latvia","Total","Total","Total","First time applicant","Person","70"
"2015M10","Lithuania","Total","Total","Total","Asylum applicant","Person","35"
"2015M10","Lithuania","Total","Total","Total","First time applicant","Person","35"
"2015M10","Luxembourg","Total","Total","Total","Asylum applicant","Person","385"
"2015M10","Luxembourg","Total","Total","Total","First time applicant","Person","375"
"2015M10","Hungary","Total","Total","Total","Asylum applicant","Person","615"
"2015M10","Hungary","Total","Total","Total","First time applicant","Person","490"
"2015M10","Malta","Total","Total","Total","Asylum applicant","Person",":"
"2015M10","Malta","Total","Total","Total","First time applicant","Person",":"
"2015M10","Netherlands","Total","Total","Total","Asylum applicant","Person","10 160"
"2015M10","Netherlands","Total","Total","Total","First time applicant","Person","9 990"
"2015M10","Austria","Total","Total","Total","Asylum applicant","Person",":"
"2015M10","Austria","Total","Total","Total","First time applicant","Person",":"
"2015M10","Poland","Total","Total","Total","Asylum applicant","Person","1 430"
"2015M10","Poland","Total","Total","Total","First time applicant","Person","1 260"
"2015M10","Portugal","Total","Total","Total","Asylum applicant","Person","70"
"2015M10","Portugal","Total","Total","Total","First time applicant","Person","70"
"2015M10","Romania","Total","Total","Total","Asylum applicant","Person","90"
"2015M10","Romania","Total","Total","Total","First time applicant","Person","90"
"2015M10","Slovenia","Total","Total","Total","Asylum applicant","Person","25"
"2015M10","Slovenia","Total","Total","Total","First time applicant","Person","20"
"2015M10","Slovakia","Total","Total","Total","Asylum applicant","Person","15"
"2015M10","Slovakia","Total","Total","Total","First time applicant","Person",":"
"2015M10","Finland","Total","Total","Total","Asylum applicant","Person","7 005"
"2015M10","Finland","Total","Total","Total","First time applicant","Person","6 985"
"2015M10","Sweden","Total","Total","Total","Asylum applicant","Person","39 060"
"2015M10","Sweden","Total","Total","Total","First time applicant","Person","38 540"
"2015M10","United Kingdom","Total","Total","Total","Asylum applicant","Person","5 105"
"2015M10","United Kingdom","Total","Total","Total","First time applicant","Person","5 055"
"2015M10","Iceland","Total","Total","Total","Asylum applicant","Person",":"
"2015M10","Iceland","Total","Total","Total","First time applicant","Person",":"
"2015M10","Liechtenstein","Total","Total","Total","Asylum applicant","Person","20"
"2015M10","Liechtenstein","Total","Total","Total","First time applicant","Person",":"
"2015M10","Norway","Total","Total","Total","Asylum applicant","Person","8 665"
"2015M10","Norway","Total","Total","Total","First time applicant","Person","8 575"
"2015M10","Switzerland","Total","Total","Total","Asylum applicant","Person","4 750"
"2015M10","Switzerland","Total","Total","Total","First time applicant","Person","4 640"
"2015M11","European Union (28 countries)","Total","Total","Total","Asylum applicant","Person","54 765"
"2015M11","European Union (28 countries)","Total","Total","Total","First time applicant","Person","53 805"
"2015M11","Belgium","Total","Total","Total","Asylum applicant","Person",":"
"2015M11","Belgium","Total","Total","Total","First time applicant","Person",":"
"2015M11","Bulgaria","Total","Total","Total","Asylum applicant","Person","2 415"
"2015M11","Bulgaria","Total","Total","Total","First time applicant","Person","2 395"
"2015M11","Czech Republic","Total","Total","Total","Asylum applicant","Person",":"
"2015M11","Czech Republic","Total","Total","Total","First time applicant","Person",":"
"2015M11","Denmark","Total","Total","Total","Asylum applicant","Person",":"
"2015M11","Denmark","Total","Total","Total","First time applicant","Person",":"
"2015M11","Germany (until 1990 former territory of the FRG)","Total","Total","Total","Asylum applicant","Person",":"
"2015M11","Germany (until 1990 former territory of the FRG)","Total","Total","Total","First time applicant","Person",":"
"2015M11","Estonia","Total","Total","Total","Asylum applicant","Person","10"
"2015M11","Estonia","Total","Total","Total","First time applicant","Person","10"
"2015M11","Ireland","Total","Total","Total","Asylum applicant","Person",":"
"2015M11","Ireland","Total","Total","Total","First time applicant","Person",":"
"2015M11","Greece","Total","Total","Total","Asylum applicant","Person",":"
"2015M11","Greece","Total","Total","Total","First time applicant","Person",":"
"2015M11","Spain","Total","Total","Total","Asylum applicant","Person",":"
"2015M11","Spain","Total","Total","Total","First time applicant","Person",":"
"2015M11","France","Total","Total","Total","Asylum applicant","Person",":"
"2015M11","France","Total","Total","Total","First time applicant","Person",":"
"2015M11","Croatia","Total","Total","Total","Asylum applicant","Person","20"
"2015M11","Croatia","Total","Total","Total","First time applicant","Person","15"
"2015M11","Italy","Total","Total","Total","Asylum applicant","Person","8 365"
"2015M11","Italy","Total","Total","Total","First time applicant","Person","8 270"
"2015M11","Cyprus","Total","Total","Total","Asylum applicant","Person",":"
"2015M11","Cyprus","Total","Total","Total","First time applicant","Person",":"
"2015M11","Latvia","Total","Total","Total","Asylum applicant","Person","10"
"2015M11","Latvia","Total","Total","Total","First time applicant","Person","10"
"2015M11","Lithuania","Total","Total","Total","Asylum applicant","Person",":"
"2015M11","Lithuania","Total","Total","Total","First time applicant","Person",":"
"2015M11","Luxembourg","Total","Total","Total","Asylum applicant","Person",":"
"2015M11","Luxembourg","Total","Total","Total","First time applicant","Person",":"
"2015M11","Hungary","Total","Total","Total","Asylum applicant","Person","325"
"2015M11","Hungary","Total","Total","Total","First time applicant","Person","195"
"2015M11","Malta","Total","Total","Total","Asylum applicant","Person",":"
"2015M11","Malta","Total","Total","Total","First time applicant","Person",":"
"2015M11","Netherlands","Total","Total","Total","Asylum applicant","Person",":"
"2015M11","Netherlands","Total","Total","Total","First time applicant","Person",":"
"2015M11","Austria","Total","Total","Total","Asylum applicant","Person",":"
"2015M11","Austria","Total","Total","Total","First time applicant","Person",":"
"2015M11","Poland","Total","Total","Total","Asylum applicant","Person","1 270"
"2015M11","Poland","Total","Total","Total","First time applicant","Person","1 095"
"2015M11","Portugal","Total","Total","Total","Asylum applicant","Person",":"
"2015M11","Portugal","Total","Total","Total","First time applicant","Person",":"
"2015M11","Romania","Total","Total","Total","Asylum applicant","Person",":"
"2015M11","Romania","Total","Total","Total","First time applicant","Person",":"
"2015M11","Slovenia","Total","Total","Total","Asylum applicant","Person","45"
"2015M11","Slovenia","Total","Total","Total","First time applicant","Person","45"
"2015M11","Slovakia","Total","Total","Total","Asylum applicant","Person",":"
"2015M11","Slovakia","Total","Total","Total","First time applicant","Person",":"
"2015M11","Finland","Total","Total","Total","Asylum applicant","Person","5 715"
"2015M11","Finland","Total","Total","Total","First time applicant","Person","5 690"
"2015M11","Sweden","Total","Total","Total","Asylum applicant","Person","36 595"
"2015M11","Sweden","Total","Total","Total","First time applicant","Person","36 080"
"2015M11","United Kingdom","Total","Total","Total","Asylum applicant","Person",":"
"2015M11","United Kingdom","Total","Total","Total","First time applicant","Person",":"
"2015M11","Iceland","Total","Total","Total","Asylum applicant","Person",":"
"2015M11","Iceland","Total","Total","Total","First time applicant","Person",":"
"2015M11","Liechtenstein","Total","Total","Total","Asylum applicant","Person",":"
"2015M11","Liechtenstein","Total","Total","Total","First time applicant","Person",":"
"2015M11","Norway","Total","Total","Total","Asylum applicant","Person","8 155"
"2015M11","Norway","Total","Total","Total","First time applicant","Person","8 110"
"2015M11","Switzerland","Total","Total","Total","Asylum applicant","Person","5 690"
"2015M11","Switzerland","Total","Total","Total","First time applicant","Person","5 565"
