"TIME","GEO","CITIZEN","SEX","AGE","AGE_LABEL","ASYL_APP","UNIT","Value"
"2014M01","European Union (28 countries)","Extra EU-28","Males","TOTAL","Total","First time applicant","Person","24 335"
"2014M01","European Union (28 countries)","Extra EU-28","Females","TOTAL","Total","First time applicant","Person","11 425"
"2014M01","Belgium","Extra EU-28","Males","TOTAL","Total","First time applicant","Person","585"
"2014M01","Belgium","Extra EU-28","Females","TOTAL","Total","First time applicant","Person","405"
"2014M01","Bulgaria","Extra EU-28","Males","TOTAL","Total","First time applicant","Person","490"
"2014M01","Bulgaria","Extra EU-28","Females","TOTAL","Total","First time applicant","Person","315"
"2014M01","Czech Republic","Extra EU-28","Males","TOTAL","Total","First time applicant","Person","25"
"2014M01","Czech Republic","Extra EU-28","Females","TOTAL","Total","First time applicant","Person","10"
"2014M01","Denmark","Extra EU-28","Males","TOTAL","Total","First time applicant","Person","385"
"2014M01","Denmark","Extra EU-28","Females","TOTAL","Total","First time applicant","Person","165"
"2014M01","Germany (until 1990 former territory of the FRG)","Extra EU-28","Males","TOTAL","Total","First time applicant","Person","8 355"
"2014M01","Germany (until 1990 former territory of the FRG)","Extra EU-28","Females","TOTAL","Total","First time applicant","Person","4 545"
"2014M01","Estonia","Extra EU-28","Males","TOTAL","Total","First time applicant","Person","5"
"2014M01","Estonia","Extra EU-28","Females","TOTAL","Total","First time applicant","Person","0"
"2014M01","Ireland","Extra EU-28","Males","TOTAL","Total","First time applicant","Person","50"
"2014M01","Ireland","Extra EU-28","Females","TOTAL","Total","First time applicant","Person","45"
"2014M01","Greece","Extra EU-28","Males","TOTAL","Total","First time applicant","Person","510"
"2014M01","Greece","Extra EU-28","Females","TOTAL","Total","First time applicant","Person","140"
"2014M01","Spain","Extra EU-28","Males","TOTAL","Total","First time applicant","Person","210"
"2014M01","Spain","Extra EU-28","Females","TOTAL","Total","First time applicant","Person","70"
"2014M01","France","Extra EU-28","Males","TOTAL","Total","First time applicant","Person","2 780"
"2014M01","France","Extra EU-28","Females","TOTAL","Total","First time applicant","Person","1 910"
"2014M01","Croatia","Extra EU-28","Males","TOTAL","Total","First time applicant","Person","50"
"2014M01","Croatia","Extra EU-28","Females","TOTAL","Total","First time applicant","Person","0"
"2014M01","Italy","Extra EU-28","Males","TOTAL","Total","First time applicant","Person","3 155"
"2014M01","Italy","Extra EU-28","Females","TOTAL","Total","First time applicant","Person","220"
"2014M01","Cyprus","Extra EU-28","Males","TOTAL","Total","First time applicant","Person","50"
"2014M01","Cyprus","Extra EU-28","Females","TOTAL","Total","First time applicant","Person","35"
"2014M01","Latvia","Extra EU-28","Males","TOTAL","Total","First time applicant","Person","10"
"2014M01","Latvia","Extra EU-28","Females","TOTAL","Total","First time applicant","Person","0"
"2014M01","Lithuania","Extra EU-28","Males","TOTAL","Total","First time applicant","Person","15"
"2014M01","Lithuania","Extra EU-28","Females","TOTAL","Total","First time applicant","Person","0"
"2014M01","Luxembourg","Extra EU-28","Males","TOTAL","Total","First time applicant","Person","65"
"2014M01","Luxembourg","Extra EU-28","Females","TOTAL","Total","First time applicant","Person","25"
"2014M01","Hungary","Extra EU-28","Males","TOTAL","Total","First time applicant","Person","960"
"2014M01","Hungary","Extra EU-28","Females","TOTAL","Total","First time applicant","Person","280"
"2014M01","Malta","Extra EU-28","Males","TOTAL","Total","First time applicant","Person","55"
"2014M01","Malta","Extra EU-28","Females","TOTAL","Total","First time applicant","Person","20"
"2014M01","Netherlands","Extra EU-28","Males","TOTAL","Total","First time applicant","Person","925"
"2014M01","Netherlands","Extra EU-28","Females","TOTAL","Total","First time applicant","Person","450"
"2014M01","Austria","Extra EU-28","Males","TOTAL","Total","First time applicant","Person","940"
"2014M01","Austria","Extra EU-28","Females","TOTAL","Total","First time applicant","Person","385"
"2014M01","Poland","Extra EU-28","Males","TOTAL","Total","First time applicant","Person","140"
"2014M01","Poland","Extra EU-28","Females","TOTAL","Total","First time applicant","Person","120"
"2014M01","Portugal","Extra EU-28","Males","TOTAL","Total","First time applicant","Person","10"
"2014M01","Portugal","Extra EU-28","Females","TOTAL","Total","First time applicant","Person","10"
"2014M01","Romania","Extra EU-28","Males","TOTAL","Total","First time applicant","Person","85"
"2014M01","Romania","Extra EU-28","Females","TOTAL","Total","First time applicant","Person","25"
"2014M01","Slovenia","Extra EU-28","Males","TOTAL","Total","First time applicant","Person","10"
"2014M01","Slovenia","Extra EU-28","Females","TOTAL","Total","First time applicant","Person","5"
"2014M01","Slovakia","Extra EU-28","Males","TOTAL","Total","First time applicant","Person","10"
"2014M01","Slovakia","Extra EU-28","Females","TOTAL","Total","First time applicant","Person","0"
"2014M01","Finland","Extra EU-28","Males","TOTAL","Total","First time applicant","Person","175"
"2014M01","Finland","Extra EU-28","Females","TOTAL","Total","First time applicant","Person","75"
"2014M01","Sweden","Extra EU-28","Males","TOTAL","Total","First time applicant","Person","2 665"
"2014M01","Sweden","Extra EU-28","Females","TOTAL","Total","First time applicant","Person","1 285"
"2014M01","United Kingdom","Extra EU-28","Males","TOTAL","Total","First time applicant","Person","1 610"
"2014M01","United Kingdom","Extra EU-28","Females","TOTAL","Total","First time applicant","Person","875"
"2014M01","Iceland","Extra EU-28","Males","TOTAL","Total","First time applicant","Person",":"
"2014M01","Iceland","Extra EU-28","Females","TOTAL","Total","First time applicant","Person",":"
"2014M01","Liechtenstein","Extra EU-28","Males","TOTAL","Total","First time applicant","Person",":"
"2014M01","Liechtenstein","Extra EU-28","Females","TOTAL","Total","First time applicant","Person",":"
"2014M01","Norway","Extra EU-28","Males","TOTAL","Total","First time applicant","Person","510"
"2014M01","Norway","Extra EU-28","Females","TOTAL","Total","First time applicant","Person","180"
"2014M01","Switzerland","Extra EU-28","Males","TOTAL","Total","First time applicant","Person","1 165"
"2014M01","Switzerland","Extra EU-28","Females","TOTAL","Total","First time applicant","Person","525"
"2014M01","Total","Extra EU-28","Males","TOTAL","Total","First time applicant","Person","26 010"
"2014M01","Total","Extra EU-28","Females","TOTAL","Total","First time applicant","Person","12 135"
"2014M02","European Union (28 countries)","Extra EU-28","Males","TOTAL","Total","First time applicant","Person","21 300"
"2014M02","European Union (28 countries)","Extra EU-28","Females","TOTAL","Total","First time applicant","Person","9 710"
"2014M02","Belgium","Extra EU-28","Males","TOTAL","Total","First time applicant","Person","450"
"2014M02","Belgium","Extra EU-28","Females","TOTAL","Total","First time applicant","Person","330"
"2014M02","Bulgaria","Extra EU-28","Males","TOTAL","Total","First time applicant","Person","590"
"2014M02","Bulgaria","Extra EU-28","Females","TOTAL","Total","First time applicant","Person","175"
"2014M02","Czech Republic","Extra EU-28","Males","TOTAL","Total","First time applicant","Person","20"
"2014M02","Czech Republic","Extra EU-28","Females","TOTAL","Total","First time applicant","Person","15"
"2014M02","Denmark","Extra EU-28","Males","TOTAL","Total","First time applicant","Person","310"
"2014M02","Denmark","Extra EU-28","Females","TOTAL","Total","First time applicant","Person","115"
"2014M02","Germany (until 1990 former territory of the FRG)","Extra EU-28","Males","TOTAL","Total","First time applicant","Person","6 695"
"2014M02","Germany (until 1990 former territory of the FRG)","Extra EU-28","Females","TOTAL","Total","First time applicant","Person","3 460"
"2014M02","Estonia","Extra EU-28","Males","TOTAL","Total","First time applicant","Person","5"
"2014M02","Estonia","Extra EU-28","Females","TOTAL","Total","First time applicant","Person","0"
"2014M02","Ireland","Extra EU-28","Males","TOTAL","Total","First time applicant","Person","65"
"2014M02","Ireland","Extra EU-28","Females","TOTAL","Total","First time applicant","Person","20"
"2014M02","Greece","Extra EU-28","Males","TOTAL","Total","First time applicant","Person","600"
"2014M02","Greece","Extra EU-28","Females","TOTAL","Total","First time applicant","Person","160"
"2014M02","Spain","Extra EU-28","Males","TOTAL","Total","First time applicant","Person","250"
"2014M02","Spain","Extra EU-28","Females","TOTAL","Total","First time applicant","Person","80"
"2014M02","France","Extra EU-28","Males","TOTAL","Total","First time applicant","Person","2 995"
"2014M02","France","Extra EU-28","Females","TOTAL","Total","First time applicant","Person","1 935"
"2014M02","Croatia","Extra EU-28","Males","TOTAL","Total","First time applicant","Person","25"
"2014M02","Croatia","Extra EU-28","Females","TOTAL","Total","First time applicant","Person","0"
"2014M02","Italy","Extra EU-28","Males","TOTAL","Total","First time applicant","Person","2 905"
"2014M02","Italy","Extra EU-28","Females","TOTAL","Total","First time applicant","Person","275"
"2014M02","Cyprus","Extra EU-28","Males","TOTAL","Total","First time applicant","Person","70"
"2014M02","Cyprus","Extra EU-28","Females","TOTAL","Total","First time applicant","Person","40"
"2014M02","Latvia","Extra EU-28","Males","TOTAL","Total","First time applicant","Person","10"
"2014M02","Latvia","Extra EU-28","Females","TOTAL","Total","First time applicant","Person","10"
"2014M02","Lithuania","Extra EU-28","Males","TOTAL","Total","First time applicant","Person","20"
"2014M02","Lithuania","Extra EU-28","Females","TOTAL","Total","First time applicant","Person","5"
"2014M02","Luxembourg","Extra EU-28","Males","TOTAL","Total","First time applicant","Person","50"
"2014M02","Luxembourg","Extra EU-28","Females","TOTAL","Total","First time applicant","Person","20"
"2014M02","Hungary","Extra EU-28","Males","TOTAL","Total","First time applicant","Person","490"
"2014M02","Hungary","Extra EU-28","Females","TOTAL","Total","First time applicant","Person","150"
"2014M02","Malta","Extra EU-28","Males","TOTAL","Total","First time applicant","Person","35"
"2014M02","Malta","Extra EU-28","Females","TOTAL","Total","First time applicant","Person","5"
"2014M02","Netherlands","Extra EU-28","Males","TOTAL","Total","First time applicant","Person","610"
"2014M02","Netherlands","Extra EU-28","Females","TOTAL","Total","First time applicant","Person","300"
"2014M02","Austria","Extra EU-28","Males","TOTAL","Total","First time applicant","Person","745"
"2014M02","Austria","Extra EU-28","Females","TOTAL","Total","First time applicant","Person","285"
"2014M02","Poland","Extra EU-28","Males","TOTAL","Total","First time applicant","Person","135"
"2014M02","Poland","Extra EU-28","Females","TOTAL","Total","First time applicant","Person","90"
"2014M02","Portugal","Extra EU-28","Males","TOTAL","Total","First time applicant","Person","10"
"2014M02","Portugal","Extra EU-28","Females","TOTAL","Total","First time applicant","Person","5"
"2014M02","Romania","Extra EU-28","Males","TOTAL","Total","First time applicant","Person","90"
"2014M02","Romania","Extra EU-28","Females","TOTAL","Total","First time applicant","Person","35"
"2014M02","Slovenia","Extra EU-28","Males","TOTAL","Total","First time applicant","Person","25"
"2014M02","Slovenia","Extra EU-28","Females","TOTAL","Total","First time applicant","Person","5"
"2014M02","Slovakia","Extra EU-28","Males","TOTAL","Total","First time applicant","Person","5"
"2014M02","Slovakia","Extra EU-28","Females","TOTAL","Total","First time applicant","Person","0"
"2014M02","Finland","Extra EU-28","Males","TOTAL","Total","First time applicant","Person","155"
"2014M02","Finland","Extra EU-28","Females","TOTAL","Total","First time applicant","Person","60"
"2014M02","Sweden","Extra EU-28","Males","TOTAL","Total","First time applicant","Person","2 425"
"2014M02","Sweden","Extra EU-28","Females","TOTAL","Total","First time applicant","Person","1 235"
"2014M02","United Kingdom","Extra EU-28","Males","TOTAL","Total","First time applicant","Person","1 510"
"2014M02","United Kingdom","Extra EU-28","Females","TOTAL","Total","First time applicant","Person","900"
"2014M02","Iceland","Extra EU-28","Males","TOTAL","Total","First time applicant","Person",":"
"2014M02","Iceland","Extra EU-28","Females","TOTAL","Total","First time applicant","Person",":"
"2014M02","Liechtenstein","Extra EU-28","Males","TOTAL","Total","First time applicant","Person",":"
"2014M02","Liechtenstein","Extra EU-28","Females","TOTAL","Total","First time applicant","Person",":"
"2014M02","Norway","Extra EU-28","Males","TOTAL","Total","First time applicant","Person","390"
"2014M02","Norway","Extra EU-28","Females","TOTAL","Total","First time applicant","Person","155"
"2014M02","Switzerland","Extra EU-28","Males","TOTAL","Total","First time applicant","Person","910"
"2014M02","Switzerland","Extra EU-28","Females","TOTAL","Total","First time applicant","Person","435"
"2014M02","Total","Extra EU-28","Males","TOTAL","Total","First time applicant","Person","22 600"
"2014M02","Total","Extra EU-28","Females","TOTAL","Total","First time applicant","Person","10 300"
"2014M03","European Union (28 countries)","Extra EU-28","Males","TOTAL","Total","First time applicant","Person","22 615"
"2014M03","European Union (28 countries)","Extra EU-28","Females","TOTAL","Total","First time applicant","Person","10 305"
"2014M03","Belgium","Extra EU-28","Males","TOTAL","Total","First time applicant","Person","515"
"2014M03","Belgium","Extra EU-28","Females","TOTAL","Total","First time applicant","Person","340"
"2014M03","Bulgaria","Extra EU-28","Males","TOTAL","Total","First time applicant","Person","310"
"2014M03","Bulgaria","Extra EU-28","Females","TOTAL","Total","First time applicant","Person","85"
"2014M03","Czech Republic","Extra EU-28","Males","TOTAL","Total","First time applicant","Person","45"
"2014M03","Czech Republic","Extra EU-28","Females","TOTAL","Total","First time applicant","Person","25"
"2014M03","Denmark","Extra EU-28","Males","TOTAL","Total","First time applicant","Person","380"
"2014M03","Denmark","Extra EU-28","Females","TOTAL","Total","First time applicant","Person","120"
"2014M03","Germany (until 1990 former territory of the FRG)","Extra EU-28","Males","TOTAL","Total","First time applicant","Person","6 635"
"2014M03","Germany (until 1990 former territory of the FRG)","Extra EU-28","Females","TOTAL","Total","First time applicant","Person","3 530"
"2014M03","Estonia","Extra EU-28","Males","TOTAL","Total","First time applicant","Person","5"
"2014M03","Estonia","Extra EU-28","Females","TOTAL","Total","First time applicant","Person","0"
"2014M03","Ireland","Extra EU-28","Males","TOTAL","Total","First time applicant","Person","70"
"2014M03","Ireland","Extra EU-28","Females","TOTAL","Total","First time applicant","Person","40"
"2014M03","Greece","Extra EU-28","Males","TOTAL","Total","First time applicant","Person","495"
"2014M03","Greece","Extra EU-28","Females","TOTAL","Total","First time applicant","Person","140"
"2014M03","Spain","Extra EU-28","Males","TOTAL","Total","First time applicant","Person","275"
"2014M03","Spain","Extra EU-28","Females","TOTAL","Total","First time applicant","Person","120"
"2014M03","France","Extra EU-28","Males","TOTAL","Total","First time applicant","Person","3 350"
"2014M03","France","Extra EU-28","Females","TOTAL","Total","First time applicant","Person","2 190"
"2014M03","Croatia","Extra EU-28","Males","TOTAL","Total","First time applicant","Person","35"
"2014M03","Croatia","Extra EU-28","Females","TOTAL","Total","First time applicant","Person","0"
"2014M03","Italy","Extra EU-28","Males","TOTAL","Total","First time applicant","Person","3 495"
"2014M03","Italy","Extra EU-28","Females","TOTAL","Total","First time applicant","Person","300"
"2014M03","Cyprus","Extra EU-28","Males","TOTAL","Total","First time applicant","Person","85"
"2014M03","Cyprus","Extra EU-28","Females","TOTAL","Total","First time applicant","Person","35"
"2014M03","Latvia","Extra EU-28","Males","TOTAL","Total","First time applicant","Person","30"
"2014M03","Latvia","Extra EU-28","Females","TOTAL","Total","First time applicant","Person","10"
"2014M03","Lithuania","Extra EU-28","Males","TOTAL","Total","First time applicant","Person","20"
"2014M03","Lithuania","Extra EU-28","Females","TOTAL","Total","First time applicant","Person","10"
"2014M03","Luxembourg","Extra EU-28","Males","TOTAL","Total","First time applicant","Person","45"
"2014M03","Luxembourg","Extra EU-28","Females","TOTAL","Total","First time applicant","Person","25"
"2014M03","Hungary","Extra EU-28","Males","TOTAL","Total","First time applicant","Person","445"
"2014M03","Hungary","Extra EU-28","Females","TOTAL","Total","First time applicant","Person","125"
"2014M03","Malta","Extra EU-28","Males","TOTAL","Total","First time applicant","Person","55"
"2014M03","Malta","Extra EU-28","Females","TOTAL","Total","First time applicant","Person","10"
"2014M03","Netherlands","Extra EU-28","Males","TOTAL","Total","First time applicant","Person","665"
"2014M03","Netherlands","Extra EU-28","Females","TOTAL","Total","First time applicant","Person","295"
"2014M03","Austria","Extra EU-28","Males","TOTAL","Total","First time applicant","Person","775"
"2014M03","Austria","Extra EU-28","Females","TOTAL","Total","First time applicant","Person","340"
"2014M03","Poland","Extra EU-28","Males","TOTAL","Total","First time applicant","Person","190"
"2014M03","Poland","Extra EU-28","Females","TOTAL","Total","First time applicant","Person","165"
"2014M03","Portugal","Extra EU-28","Males","TOTAL","Total","First time applicant","Person","20"
"2014M03","Portugal","Extra EU-28","Females","TOTAL","Total","First time applicant","Person","10"
"2014M03","Romania","Extra EU-28","Males","TOTAL","Total","First time applicant","Person","85"
"2014M03","Romania","Extra EU-28","Females","TOTAL","Total","First time applicant","Person","20"
"2014M03","Slovenia","Extra EU-28","Males","TOTAL","Total","First time applicant","Person","20"
"2014M03","Slovenia","Extra EU-28","Females","TOTAL","Total","First time applicant","Person","5"
"2014M03","Slovakia","Extra EU-28","Males","TOTAL","Total","First time applicant","Person","35"
"2014M03","Slovakia","Extra EU-28","Females","TOTAL","Total","First time applicant","Person","5"
"2014M03","Finland","Extra EU-28","Males","TOTAL","Total","First time applicant","Person","160"
"2014M03","Finland","Extra EU-28","Females","TOTAL","Total","First time applicant","Person","55"
"2014M03","Sweden","Extra EU-28","Males","TOTAL","Total","First time applicant","Person","2 625"
"2014M03","Sweden","Extra EU-28","Females","TOTAL","Total","First time applicant","Person","1 275"
"2014M03","United Kingdom","Extra EU-28","Males","TOTAL","Total","First time applicant","Person","1 745"
"2014M03","United Kingdom","Extra EU-28","Females","TOTAL","Total","First time applicant","Person","1 025"
"2014M03","Iceland","Extra EU-28","Males","TOTAL","Total","First time applicant","Person",":"
"2014M03","Iceland","Extra EU-28","Females","TOTAL","Total","First time applicant","Person",":"
"2014M03","Liechtenstein","Extra EU-28","Males","TOTAL","Total","First time applicant","Person",":"
"2014M03","Liechtenstein","Extra EU-28","Females","TOTAL","Total","First time applicant","Person",":"
"2014M03","Norway","Extra EU-28","Males","TOTAL","Total","First time applicant","Person","485"
"2014M03","Norway","Extra EU-28","Females","TOTAL","Total","First time applicant","Person","165"
"2014M03","Switzerland","Extra EU-28","Males","TOTAL","Total","First time applicant","Person","915"
"2014M03","Switzerland","Extra EU-28","Females","TOTAL","Total","First time applicant","Person","495"
"2014M03","Total","Extra EU-28","Males","TOTAL","Total","First time applicant","Person","24 015"
"2014M03","Total","Extra EU-28","Females","TOTAL","Total","First time applicant","Person","10 965"
"2014M04","European Union (28 countries)","Extra EU-28","Males","TOTAL","Total","First time applicant","Person","24 345"
"2014M04","European Union (28 countries)","Extra EU-28","Females","TOTAL","Total","First time applicant","Person","10 465"
"2014M04","Belgium","Extra EU-28","Males","TOTAL","Total","First time applicant","Person","560"
"2014M04","Belgium","Extra EU-28","Females","TOTAL","Total","First time applicant","Person","340"
"2014M04","Bulgaria","Extra EU-28","Males","TOTAL","Total","First time applicant","Person","215"
"2014M04","Bulgaria","Extra EU-28","Females","TOTAL","Total","First time applicant","Person","80"
"2014M04","Czech Republic","Extra EU-28","Males","TOTAL","Total","First time applicant","Person","40"
"2014M04","Czech Republic","Extra EU-28","Females","TOTAL","Total","First time applicant","Person","20"
"2014M04","Denmark","Extra EU-28","Males","TOTAL","Total","First time applicant","Person","405"
"2014M04","Denmark","Extra EU-28","Females","TOTAL","Total","First time applicant","Person","185"
"2014M04","Germany (until 1990 former territory of the FRG)","Extra EU-28","Males","TOTAL","Total","First time applicant","Person","6 975"
"2014M04","Germany (until 1990 former territory of the FRG)","Extra EU-28","Females","TOTAL","Total","First time applicant","Person","3 490"
"2014M04","Estonia","Extra EU-28","Males","TOTAL","Total","First time applicant","Person","5"
"2014M04","Estonia","Extra EU-28","Females","TOTAL","Total","First time applicant","Person","0"
"2014M04","Ireland","Extra EU-28","Males","TOTAL","Total","First time applicant","Person","70"
"2014M04","Ireland","Extra EU-28","Females","TOTAL","Total","First time applicant","Person","25"
"2014M04","Greece","Extra EU-28","Males","TOTAL","Total","First time applicant","Person","515"
"2014M04","Greece","Extra EU-28","Females","TOTAL","Total","First time applicant","Person","140"
"2014M04","Spain","Extra EU-28","Males","TOTAL","Total","First time applicant","Person","245"
"2014M04","Spain","Extra EU-28","Females","TOTAL","Total","First time applicant","Person","100"
"2014M04","France","Extra EU-28","Males","TOTAL","Total","First time applicant","Person","3 235"
"2014M04","France","Extra EU-28","Females","TOTAL","Total","First time applicant","Person","2 160"
"2014M04","Croatia","Extra EU-28","Males","TOTAL","Total","First time applicant","Person","25"
"2014M04","Croatia","Extra EU-28","Females","TOTAL","Total","First time applicant","Person","0"
"2014M04","Italy","Extra EU-28","Males","TOTAL","Total","First time applicant","Person","3 970"
"2014M04","Italy","Extra EU-28","Females","TOTAL","Total","First time applicant","Person","245"
"2014M04","Cyprus","Extra EU-28","Males","TOTAL","Total","First time applicant","Person","60"
"2014M04","Cyprus","Extra EU-28","Females","TOTAL","Total","First time applicant","Person","30"
"2014M04","Latvia","Extra EU-28","Males","TOTAL","Total","First time applicant","Person","10"
"2014M04","Latvia","Extra EU-28","Females","TOTAL","Total","First time applicant","Person","5"
"2014M04","Lithuania","Extra EU-28","Males","TOTAL","Total","First time applicant","Person","5"
"2014M04","Lithuania","Extra EU-28","Females","TOTAL","Total","First time applicant","Person","0"
"2014M04","Luxembourg","Extra EU-28","Males","TOTAL","Total","First time applicant","Person","35"
"2014M04","Luxembourg","Extra EU-28","Females","TOTAL","Total","First time applicant","Person","15"
"2014M04","Hungary","Extra EU-28","Males","TOTAL","Total","First time applicant","Person","520"
"2014M04","Hungary","Extra EU-28","Females","TOTAL","Total","First time applicant","Person","110"
"2014M04","Malta","Extra EU-28","Males","TOTAL","Total","First time applicant","Person","115"
"2014M04","Malta","Extra EU-28","Females","TOTAL","Total","First time applicant","Person","15"
"2014M04","Netherlands","Extra EU-28","Males","TOTAL","Total","First time applicant","Person","1 620"
"2014M04","Netherlands","Extra EU-28","Females","TOTAL","Total","First time applicant","Person","600"
"2014M04","Austria","Extra EU-28","Males","TOTAL","Total","First time applicant","Person","825"
"2014M04","Austria","Extra EU-28","Females","TOTAL","Total","First time applicant","Person","360"
"2014M04","Poland","Extra EU-28","Males","TOTAL","Total","First time applicant","Person","190"
"2014M04","Poland","Extra EU-28","Females","TOTAL","Total","First time applicant","Person","185"
"2014M04","Portugal","Extra EU-28","Males","TOTAL","Total","First time applicant","Person","15"
"2014M04","Portugal","Extra EU-28","Females","TOTAL","Total","First time applicant","Person","15"
"2014M04","Romania","Extra EU-28","Males","TOTAL","Total","First time applicant","Person","50"
"2014M04","Romania","Extra EU-28","Females","TOTAL","Total","First time applicant","Person","25"
"2014M04","Slovenia","Extra EU-28","Males","TOTAL","Total","First time applicant","Person","25"
"2014M04","Slovenia","Extra EU-28","Females","TOTAL","Total","First time applicant","Person","10"
"2014M04","Slovakia","Extra EU-28","Males","TOTAL","Total","First time applicant","Person","15"
"2014M04","Slovakia","Extra EU-28","Females","TOTAL","Total","First time applicant","Person","0"
"2014M04","Finland","Extra EU-28","Males","TOTAL","Total","First time applicant","Person","165"
"2014M04","Finland","Extra EU-28","Females","TOTAL","Total","First time applicant","Person","75"
"2014M04","Sweden","Extra EU-28","Males","TOTAL","Total","First time applicant","Person","2 940"
"2014M04","Sweden","Extra EU-28","Females","TOTAL","Total","First time applicant","Person","1 435"
"2014M04","United Kingdom","Extra EU-28","Males","TOTAL","Total","First time applicant","Person","1 490"
"2014M04","United Kingdom","Extra EU-28","Females","TOTAL","Total","First time applicant","Person","795"
"2014M04","Iceland","Extra EU-28","Males","TOTAL","Total","First time applicant","Person",":"
"2014M04","Iceland","Extra EU-28","Females","TOTAL","Total","First time applicant","Person",":"
"2014M04","Liechtenstein","Extra EU-28","Males","TOTAL","Total","First time applicant","Person",":"
"2014M04","Liechtenstein","Extra EU-28","Females","TOTAL","Total","First time applicant","Person",":"
"2014M04","Norway","Extra EU-28","Males","TOTAL","Total","First time applicant","Person","595"
"2014M04","Norway","Extra EU-28","Females","TOTAL","Total","First time applicant","Person","185"
"2014M04","Switzerland","Extra EU-28","Males","TOTAL","Total","First time applicant","Person","895"
"2014M04","Switzerland","Extra EU-28","Females","TOTAL","Total","First time applicant","Person","470"
"2014M04","Total","Extra EU-28","Males","TOTAL","Total","First time applicant","Person","25 835"
"2014M04","Total","Extra EU-28","Females","TOTAL","Total","First time applicant","Person","11 115"
"2014M05","European Union (28 countries)","Extra EU-28","Males","TOTAL","Total","First time applicant","Person","27 945"
"2014M05","European Union (28 countries)","Extra EU-28","Females","TOTAL","Total","First time applicant","Person","10 935"
"2014M05","Belgium","Extra EU-28","Males","TOTAL","Total","First time applicant","Person","560"
"2014M05","Belgium","Extra EU-28","Females","TOTAL","Total","First time applicant","Person","285"
"2014M05","Bulgaria","Extra EU-28","Males","TOTAL","Total","First time applicant","Person","420"
"2014M05","Bulgaria","Extra EU-28","Females","TOTAL","Total","First time applicant","Person","100"
"2014M05","Czech Republic","Extra EU-28","Males","TOTAL","Total","First time applicant","Person","50"
"2014M05","Czech Republic","Extra EU-28","Females","TOTAL","Total","First time applicant","Person","25"
"2014M05","Denmark","Extra EU-28","Males","TOTAL","Total","First time applicant","Person","520"
"2014M05","Denmark","Extra EU-28","Females","TOTAL","Total","First time applicant","Person","195"
"2014M05","Germany (until 1990 former territory of the FRG)","Extra EU-28","Males","TOTAL","Total","First time applicant","Person","7 645"
"2014M05","Germany (until 1990 former territory of the FRG)","Extra EU-28","Females","TOTAL","Total","First time applicant","Person","3 910"
"2014M05","Estonia","Extra EU-28","Males","TOTAL","Total","First time applicant","Person","10"
"2014M05","Estonia","Extra EU-28","Females","TOTAL","Total","First time applicant","Person","0"
"2014M05","Ireland","Extra EU-28","Males","TOTAL","Total","First time applicant","Person","70"
"2014M05","Ireland","Extra EU-28","Females","TOTAL","Total","First time applicant","Person","35"
"2014M05","Greece","Extra EU-28","Males","TOTAL","Total","First time applicant","Person","510"
"2014M05","Greece","Extra EU-28","Females","TOTAL","Total","First time applicant","Person","125"
"2014M05","Spain","Extra EU-28","Males","TOTAL","Total","First time applicant","Person","235"
"2014M05","Spain","Extra EU-28","Females","TOTAL","Total","First time applicant","Person","100"
"2014M05","France","Extra EU-28","Males","TOTAL","Total","First time applicant","Person","2 650"
"2014M05","France","Extra EU-28","Females","TOTAL","Total","First time applicant","Person","1 655"
"2014M05","Croatia","Extra EU-28","Males","TOTAL","Total","First time applicant","Person","25"
"2014M05","Croatia","Extra EU-28","Females","TOTAL","Total","First time applicant","Person","5"
"2014M05","Italy","Extra EU-28","Males","TOTAL","Total","First time applicant","Person","5 065"
"2014M05","Italy","Extra EU-28","Females","TOTAL","Total","First time applicant","Person","305"
"2014M05","Cyprus","Extra EU-28","Males","TOTAL","Total","First time applicant","Person","70"
"2014M05","Cyprus","Extra EU-28","Females","TOTAL","Total","First time applicant","Person","35"
"2014M05","Latvia","Extra EU-28","Males","TOTAL","Total","First time applicant","Person","10"
"2014M05","Latvia","Extra EU-28","Females","TOTAL","Total","First time applicant","Person","5"
"2014M05","Lithuania","Extra EU-28","Males","TOTAL","Total","First time applicant","Person","15"
"2014M05","Lithuania","Extra EU-28","Females","TOTAL","Total","First time applicant","Person","5"
"2014M05","Luxembourg","Extra EU-28","Males","TOTAL","Total","First time applicant","Person","55"
"2014M05","Luxembourg","Extra EU-28","Females","TOTAL","Total","First time applicant","Person","25"
"2014M05","Hungary","Extra EU-28","Males","TOTAL","Total","First time applicant","Person","590"
"2014M05","Hungary","Extra EU-28","Females","TOTAL","Total","First time applicant","Person","115"
"2014M05","Malta","Extra EU-28","Males","TOTAL","Total","First time applicant","Person","45"
"2014M05","Malta","Extra EU-28","Females","TOTAL","Total","First time applicant","Person","15"
"2014M05","Netherlands","Extra EU-28","Males","TOTAL","Total","First time applicant","Person","2 470"
"2014M05","Netherlands","Extra EU-28","Females","TOTAL","Total","First time applicant","Person","790"
"2014M05","Austria","Extra EU-28","Males","TOTAL","Total","First time applicant","Person","1 115"
"2014M05","Austria","Extra EU-28","Females","TOTAL","Total","First time applicant","Person","410"
"2014M05","Poland","Extra EU-28","Males","TOTAL","Total","First time applicant","Person","245"
"2014M05","Poland","Extra EU-28","Females","TOTAL","Total","First time applicant","Person","200"
"2014M05","Portugal","Extra EU-28","Males","TOTAL","Total","First time applicant","Person","20"
"2014M05","Portugal","Extra EU-28","Females","TOTAL","Total","First time applicant","Person","15"
"2014M05","Romania","Extra EU-28","Males","TOTAL","Total","First time applicant","Person","85"
"2014M05","Romania","Extra EU-28","Females","TOTAL","Total","First time applicant","Person","35"
"2014M05","Slovenia","Extra EU-28","Males","TOTAL","Total","First time applicant","Person","25"
"2014M05","Slovenia","Extra EU-28","Females","TOTAL","Total","First time applicant","Person","10"
"2014M05","Slovakia","Extra EU-28","Males","TOTAL","Total","First time applicant","Person","10"
"2014M05","Slovakia","Extra EU-28","Females","TOTAL","Total","First time applicant","Person","5"
"2014M05","Finland","Extra EU-28","Males","TOTAL","Total","First time applicant","Person","150"
"2014M05","Finland","Extra EU-28","Females","TOTAL","Total","First time applicant","Person","65"
"2014M05","Sweden","Extra EU-28","Males","TOTAL","Total","First time applicant","Person","3 775"
"2014M05","Sweden","Extra EU-28","Females","TOTAL","Total","First time applicant","Person","1 780"
"2014M05","United Kingdom","Extra EU-28","Males","TOTAL","Total","First time applicant","Person","1 515"
"2014M05","United Kingdom","Extra EU-28","Females","TOTAL","Total","First time applicant","Person","695"
"2014M05","Iceland","Extra EU-28","Males","TOTAL","Total","First time applicant","Person",":"
"2014M05","Iceland","Extra EU-28","Females","TOTAL","Total","First time applicant","Person",":"
"2014M05","Liechtenstein","Extra EU-28","Males","TOTAL","Total","First time applicant","Person",":"
"2014M05","Liechtenstein","Extra EU-28","Females","TOTAL","Total","First time applicant","Person",":"
"2014M05","Norway","Extra EU-28","Males","TOTAL","Total","First time applicant","Person","950"
"2014M05","Norway","Extra EU-28","Females","TOTAL","Total","First time applicant","Person","280"
"2014M05","Switzerland","Extra EU-28","Males","TOTAL","Total","First time applicant","Person","1 085"
"2014M05","Switzerland","Extra EU-28","Females","TOTAL","Total","First time applicant","Person","475"
"2014M05","Total","Extra EU-28","Males","TOTAL","Total","First time applicant","Person","29 980"
"2014M05","Total","Extra EU-28","Females","TOTAL","Total","First time applicant","Person","11 690"
"2014M06","European Union (28 countries)","Extra EU-28","Males","TOTAL","Total","First time applicant","Person","29 100"
"2014M06","European Union (28 countries)","Extra EU-28","Females","TOTAL","Total","First time applicant","Person","12 310"
"2014M06","Belgium","Extra EU-28","Males","TOTAL","Total","First time applicant","Person","690"
"2014M06","Belgium","Extra EU-28","Females","TOTAL","Total","First time applicant","Person","395"
"2014M06","Bulgaria","Extra EU-28","Males","TOTAL","Total","First time applicant","Person","485"
"2014M06","Bulgaria","Extra EU-28","Females","TOTAL","Total","First time applicant","Person","125"
"2014M06","Czech Republic","Extra EU-28","Males","TOTAL","Total","First time applicant","Person","35"
"2014M06","Czech Republic","Extra EU-28","Females","TOTAL","Total","First time applicant","Person","20"
"2014M06","Denmark","Extra EU-28","Males","TOTAL","Total","First time applicant","Person","715"
"2014M06","Denmark","Extra EU-28","Females","TOTAL","Total","First time applicant","Person","285"
"2014M06","Germany (until 1990 former territory of the FRG)","Extra EU-28","Males","TOTAL","Total","First time applicant","Person","8 410"
"2014M06","Germany (until 1990 former territory of the FRG)","Extra EU-28","Females","TOTAL","Total","First time applicant","Person","4 060"
"2014M06","Estonia","Extra EU-28","Males","TOTAL","Total","First time applicant","Person","10"
"2014M06","Estonia","Extra EU-28","Females","TOTAL","Total","First time applicant","Person","5"
"2014M06","Ireland","Extra EU-28","Males","TOTAL","Total","First time applicant","Person","60"
"2014M06","Ireland","Extra EU-28","Females","TOTAL","Total","First time applicant","Person","45"
"2014M06","Greece","Extra EU-28","Males","TOTAL","Total","First time applicant","Person","430"
"2014M06","Greece","Extra EU-28","Females","TOTAL","Total","First time applicant","Person","105"
"2014M06","Spain","Extra EU-28","Males","TOTAL","Total","First time applicant","Person","280"
"2014M06","Spain","Extra EU-28","Females","TOTAL","Total","First time applicant","Person","125"
"2014M06","France","Extra EU-28","Males","TOTAL","Total","First time applicant","Person","2 825"
"2014M06","France","Extra EU-28","Females","TOTAL","Total","First time applicant","Person","1 885"
"2014M06","Croatia","Extra EU-28","Males","TOTAL","Total","First time applicant","Person","30"
"2014M06","Croatia","Extra EU-28","Females","TOTAL","Total","First time applicant","Person","0"
"2014M06","Italy","Extra EU-28","Males","TOTAL","Total","First time applicant","Person","4 235"
"2014M06","Italy","Extra EU-28","Females","TOTAL","Total","First time applicant","Person","315"
"2014M06","Cyprus","Extra EU-28","Males","TOTAL","Total","First time applicant","Person","70"
"2014M06","Cyprus","Extra EU-28","Females","TOTAL","Total","First time applicant","Person","45"
"2014M06","Latvia","Extra EU-28","Males","TOTAL","Total","First time applicant","Person","30"
"2014M06","Latvia","Extra EU-28","Females","TOTAL","Total","First time applicant","Person","15"
"2014M06","Lithuania","Extra EU-28","Males","TOTAL","Total","First time applicant","Person","20"
"2014M06","Lithuania","Extra EU-28","Females","TOTAL","Total","First time applicant","Person","15"
"2014M06","Luxembourg","Extra EU-28","Males","TOTAL","Total","First time applicant","Person","40"
"2014M06","Luxembourg","Extra EU-28","Females","TOTAL","Total","First time applicant","Person","25"
"2014M06","Hungary","Extra EU-28","Males","TOTAL","Total","First time applicant","Person","890"
"2014M06","Hungary","Extra EU-28","Females","TOTAL","Total","First time applicant","Person","220"
"2014M06","Malta","Extra EU-28","Males","TOTAL","Total","First time applicant","Person","170"
"2014M06","Malta","Extra EU-28","Females","TOTAL","Total","First time applicant","Person","25"
"2014M06","Netherlands","Extra EU-28","Males","TOTAL","Total","First time applicant","Person","1 215"
"2014M06","Netherlands","Extra EU-28","Females","TOTAL","Total","First time applicant","Person","480"
"2014M06","Austria","Extra EU-28","Males","TOTAL","Total","First time applicant","Person","1 125"
"2014M06","Austria","Extra EU-28","Females","TOTAL","Total","First time applicant","Person","460"
"2014M06","Poland","Extra EU-28","Males","TOTAL","Total","First time applicant","Person","275"
"2014M06","Poland","Extra EU-28","Females","TOTAL","Total","First time applicant","Person","230"
"2014M06","Portugal","Extra EU-28","Males","TOTAL","Total","First time applicant","Person","20"
"2014M06","Portugal","Extra EU-28","Females","TOTAL","Total","First time applicant","Person","15"
"2014M06","Romania","Extra EU-28","Males","TOTAL","Total","First time applicant","Person","75"
"2014M06","Romania","Extra EU-28","Females","TOTAL","Total","First time applicant","Person","35"
"2014M06","Slovenia","Extra EU-28","Males","TOTAL","Total","First time applicant","Person","15"
"2014M06","Slovenia","Extra EU-28","Females","TOTAL","Total","First time applicant","Person","10"
"2014M06","Slovakia","Extra EU-28","Males","TOTAL","Total","First time applicant","Person","20"
"2014M06","Slovakia","Extra EU-28","Females","TOTAL","Total","First time applicant","Person","5"
"2014M06","Finland","Extra EU-28","Males","TOTAL","Total","First time applicant","Person","180"
"2014M06","Finland","Extra EU-28","Females","TOTAL","Total","First time applicant","Person","70"
"2014M06","Sweden","Extra EU-28","Males","TOTAL","Total","First time applicant","Person","5 070"
"2014M06","Sweden","Extra EU-28","Females","TOTAL","Total","First time applicant","Person","2 435"
"2014M06","United Kingdom","Extra EU-28","Males","TOTAL","Total","First time applicant","Person","1 685"
"2014M06","United Kingdom","Extra EU-28","Females","TOTAL","Total","First time applicant","Person","865"
"2014M06","Iceland","Extra EU-28","Males","TOTAL","Total","First time applicant","Person",":"
"2014M06","Iceland","Extra EU-28","Females","TOTAL","Total","First time applicant","Person",":"
"2014M06","Liechtenstein","Extra EU-28","Males","TOTAL","Total","First time applicant","Person",":"
"2014M06","Liechtenstein","Extra EU-28","Females","TOTAL","Total","First time applicant","Person",":"
"2014M06","Norway","Extra EU-28","Males","TOTAL","Total","First time applicant","Person","845"
"2014M06","Norway","Extra EU-28","Females","TOTAL","Total","First time applicant","Person","305"
"2014M06","Switzerland","Extra EU-28","Males","TOTAL","Total","First time applicant","Person","1 545"
"2014M06","Switzerland","Extra EU-28","Females","TOTAL","Total","First time applicant","Person","545"
"2014M06","Total","Extra EU-28","Males","TOTAL","Total","First time applicant","Person","31 490"
"2014M06","Total","Extra EU-28","Females","TOTAL","Total","First time applicant","Person","13 155"
"2014M07","European Union (28 countries)","Extra EU-28","Males","TOTAL","Total","First time applicant","Person","36 465"
"2014M07","European Union (28 countries)","Extra EU-28","Females","TOTAL","Total","First time applicant","Person","15 005"
"2014M07","Belgium","Extra EU-28","Males","TOTAL","Total","First time applicant","Person","850"
"2014M07","Belgium","Extra EU-28","Females","TOTAL","Total","First time applicant","Person","415"
"2014M07","Bulgaria","Extra EU-28","Males","TOTAL","Total","First time applicant","Person","745"
"2014M07","Bulgaria","Extra EU-28","Females","TOTAL","Total","First time applicant","Person","145"
"2014M07","Czech Republic","Extra EU-28","Males","TOTAL","Total","First time applicant","Person","50"
"2014M07","Czech Republic","Extra EU-28","Females","TOTAL","Total","First time applicant","Person","25"
"2014M07","Denmark","Extra EU-28","Males","TOTAL","Total","First time applicant","Person","1 325"
"2014M07","Denmark","Extra EU-28","Females","TOTAL","Total","First time applicant","Person","375"
"2014M07","Germany (until 1990 former territory of the FRG)","Extra EU-28","Males","TOTAL","Total","First time applicant","Person","11 180"
"2014M07","Germany (until 1990 former territory of the FRG)","Extra EU-28","Females","TOTAL","Total","First time applicant","Person","5 610"
"2014M07","Estonia","Extra EU-28","Males","TOTAL","Total","First time applicant","Person","10"
"2014M07","Estonia","Extra EU-28","Females","TOTAL","Total","First time applicant","Person","5"
"2014M07","Ireland","Extra EU-28","Males","TOTAL","Total","First time applicant","Person","80"
"2014M07","Ireland","Extra EU-28","Females","TOTAL","Total","First time applicant","Person","50"
"2014M07","Greece","Extra EU-28","Males","TOTAL","Total","First time applicant","Person","540"
"2014M07","Greece","Extra EU-28","Females","TOTAL","Total","First time applicant","Person","120"
"2014M07","Spain","Extra EU-28","Males","TOTAL","Total","First time applicant","Person","310"
"2014M07","Spain","Extra EU-28","Females","TOTAL","Total","First time applicant","Person","145"
"2014M07","France","Extra EU-28","Males","TOTAL","Total","First time applicant","Person","3 100"
"2014M07","France","Extra EU-28","Females","TOTAL","Total","First time applicant","Person","1 945"
"2014M07","Croatia","Extra EU-28","Males","TOTAL","Total","First time applicant","Person","40"
"2014M07","Croatia","Extra EU-28","Females","TOTAL","Total","First time applicant","Person","0"
"2014M07","Italy","Extra EU-28","Males","TOTAL","Total","First time applicant","Person","5 155"
"2014M07","Italy","Extra EU-28","Females","TOTAL","Total","First time applicant","Person","450"
"2014M07","Cyprus","Extra EU-28","Males","TOTAL","Total","First time applicant","Person","80"
"2014M07","Cyprus","Extra EU-28","Females","TOTAL","Total","First time applicant","Person","45"
"2014M07","Latvia","Extra EU-28","Males","TOTAL","Total","First time applicant","Person","40"
"2014M07","Latvia","Extra EU-28","Females","TOTAL","Total","First time applicant","Person","25"
"2014M07","Lithuania","Extra EU-28","Males","TOTAL","Total","First time applicant","Person","15"
"2014M07","Lithuania","Extra EU-28","Females","TOTAL","Total","First time applicant","Person","5"
"2014M07","Luxembourg","Extra EU-28","Males","TOTAL","Total","First time applicant","Person","50"
"2014M07","Luxembourg","Extra EU-28","Females","TOTAL","Total","First time applicant","Person","25"
"2014M07","Hungary","Extra EU-28","Males","TOTAL","Total","First time applicant","Person","1 190"
"2014M07","Hungary","Extra EU-28","Females","TOTAL","Total","First time applicant","Person","320"
"2014M07","Malta","Extra EU-28","Males","TOTAL","Total","First time applicant","Person","105"
"2014M07","Malta","Extra EU-28","Females","TOTAL","Total","First time applicant","Person","20"
"2014M07","Netherlands","Extra EU-28","Males","TOTAL","Total","First time applicant","Person","1 460"
"2014M07","Netherlands","Extra EU-28","Females","TOTAL","Total","First time applicant","Person","535"
"2014M07","Austria","Extra EU-28","Males","TOTAL","Total","First time applicant","Person","1 490"
"2014M07","Austria","Extra EU-28","Females","TOTAL","Total","First time applicant","Person","520"
"2014M07","Poland","Extra EU-28","Males","TOTAL","Total","First time applicant","Person","280"
"2014M07","Poland","Extra EU-28","Females","TOTAL","Total","First time applicant","Person","250"
"2014M07","Portugal","Extra EU-28","Males","TOTAL","Total","First time applicant","Person","25"
"2014M07","Portugal","Extra EU-28","Females","TOTAL","Total","First time applicant","Person","20"
"2014M07","Romania","Extra EU-28","Males","TOTAL","Total","First time applicant","Person","120"
"2014M07","Romania","Extra EU-28","Females","TOTAL","Total","First time applicant","Person","25"
"2014M07","Slovenia","Extra EU-28","Males","TOTAL","Total","First time applicant","Person","20"
"2014M07","Slovenia","Extra EU-28","Females","TOTAL","Total","First time applicant","Person","5"
"2014M07","Slovakia","Extra EU-28","Males","TOTAL","Total","First time applicant","Person","5"
"2014M07","Slovakia","Extra EU-28","Females","TOTAL","Total","First time applicant","Person","0"
"2014M07","Finland","Extra EU-28","Males","TOTAL","Total","First time applicant","Person","175"
"2014M07","Finland","Extra EU-28","Females","TOTAL","Total","First time applicant","Person","85"
"2014M07","Sweden","Extra EU-28","Males","TOTAL","Total","First time applicant","Person","6 020"
"2014M07","Sweden","Extra EU-28","Females","TOTAL","Total","First time applicant","Person","2 865"
"2014M07","United Kingdom","Extra EU-28","Males","TOTAL","Total","First time applicant","Person","1 995"
"2014M07","United Kingdom","Extra EU-28","Females","TOTAL","Total","First time applicant","Person","980"
"2014M07","Iceland","Extra EU-28","Males","TOTAL","Total","First time applicant","Person",":"
"2014M07","Iceland","Extra EU-28","Females","TOTAL","Total","First time applicant","Person",":"
"2014M07","Liechtenstein","Extra EU-28","Males","TOTAL","Total","First time applicant","Person",":"
"2014M07","Liechtenstein","Extra EU-28","Females","TOTAL","Total","First time applicant","Person",":"
"2014M07","Norway","Extra EU-28","Males","TOTAL","Total","First time applicant","Person","700"
"2014M07","Norway","Extra EU-28","Females","TOTAL","Total","First time applicant","Person","270"
"2014M07","Switzerland","Extra EU-28","Males","TOTAL","Total","First time applicant","Person","2 005"
"2014M07","Switzerland","Extra EU-28","Females","TOTAL","Total","First time applicant","Person","715"
"2014M07","Total","Extra EU-28","Males","TOTAL","Total","First time applicant","Person","39 165"
"2014M07","Total","Extra EU-28","Females","TOTAL","Total","First time applicant","Person","15 990"
"2014M08","European Union (28 countries)","Extra EU-28","Males","TOTAL","Total","First time applicant","Person","35 290"
"2014M08","European Union (28 countries)","Extra EU-28","Females","TOTAL","Total","First time applicant","Person","14 865"
"2014M08","Belgium","Extra EU-28","Males","TOTAL","Total","First time applicant","Person","970"
"2014M08","Belgium","Extra EU-28","Females","TOTAL","Total","First time applicant","Person","545"
"2014M08","Bulgaria","Extra EU-28","Males","TOTAL","Total","First time applicant","Person","810"
"2014M08","Bulgaria","Extra EU-28","Females","TOTAL","Total","First time applicant","Person","280"
"2014M08","Czech Republic","Extra EU-28","Males","TOTAL","Total","First time applicant","Person","55"
"2014M08","Czech Republic","Extra EU-28","Females","TOTAL","Total","First time applicant","Person","30"
"2014M08","Denmark","Extra EU-28","Males","TOTAL","Total","First time applicant","Person","1 770"
"2014M08","Denmark","Extra EU-28","Females","TOTAL","Total","First time applicant","Person","520"
"2014M08","Germany (until 1990 former territory of the FRG)","Extra EU-28","Males","TOTAL","Total","First time applicant","Person","10 690"
"2014M08","Germany (until 1990 former territory of the FRG)","Extra EU-28","Females","TOTAL","Total","First time applicant","Person","5 320"
"2014M08","Estonia","Extra EU-28","Males","TOTAL","Total","First time applicant","Person","15"
"2014M08","Estonia","Extra EU-28","Females","TOTAL","Total","First time applicant","Person","5"
"2014M08","Ireland","Extra EU-28","Males","TOTAL","Total","First time applicant","Person","80"
"2014M08","Ireland","Extra EU-28","Females","TOTAL","Total","First time applicant","Person","45"
"2014M08","Greece","Extra EU-28","Males","TOTAL","Total","First time applicant","Person","315"
"2014M08","Greece","Extra EU-28","Females","TOTAL","Total","First time applicant","Person","75"
"2014M08","Spain","Extra EU-28","Males","TOTAL","Total","First time applicant","Person","285"
"2014M08","Spain","Extra EU-28","Females","TOTAL","Total","First time applicant","Person","150"
"2014M08","France","Extra EU-28","Males","TOTAL","Total","First time applicant","Person","2 385"
"2014M08","France","Extra EU-28","Females","TOTAL","Total","First time applicant","Person","1 510"
"2014M08","Croatia","Extra EU-28","Males","TOTAL","Total","First time applicant","Person","35"
"2014M08","Croatia","Extra EU-28","Females","TOTAL","Total","First time applicant","Person","0"
"2014M08","Italy","Extra EU-28","Males","TOTAL","Total","First time applicant","Person","4 675"
"2014M08","Italy","Extra EU-28","Females","TOTAL","Total","First time applicant","Person","390"
"2014M08","Cyprus","Extra EU-28","Males","TOTAL","Total","First time applicant","Person","70"
"2014M08","Cyprus","Extra EU-28","Females","TOTAL","Total","First time applicant","Person","50"
"2014M08","Latvia","Extra EU-28","Males","TOTAL","Total","First time applicant","Person","20"
"2014M08","Latvia","Extra EU-28","Females","TOTAL","Total","First time applicant","Person","20"
"2014M08","Lithuania","Extra EU-28","Males","TOTAL","Total","First time applicant","Person","20"
"2014M08","Lithuania","Extra EU-28","Females","TOTAL","Total","First time applicant","Person","10"
"2014M08","Luxembourg","Extra EU-28","Males","TOTAL","Total","First time applicant","Person","50"
"2014M08","Luxembourg","Extra EU-28","Females","TOTAL","Total","First time applicant","Person","45"
"2014M08","Hungary","Extra EU-28","Males","TOTAL","Total","First time applicant","Person","1 590"
"2014M08","Hungary","Extra EU-28","Females","TOTAL","Total","First time applicant","Person","515"
"2014M08","Malta","Extra EU-28","Males","TOTAL","Total","First time applicant","Person","65"
"2014M08","Malta","Extra EU-28","Females","TOTAL","Total","First time applicant","Person","25"
"2014M08","Netherlands","Extra EU-28","Males","TOTAL","Total","First time applicant","Person","1 545"
"2014M08","Netherlands","Extra EU-28","Females","TOTAL","Total","First time applicant","Person","575"
"2014M08","Austria","Extra EU-28","Males","TOTAL","Total","First time applicant","Person","1 700"
"2014M08","Austria","Extra EU-28","Females","TOTAL","Total","First time applicant","Person","555"
"2014M08","Poland","Extra EU-28","Males","TOTAL","Total","First time applicant","Person","280"
"2014M08","Poland","Extra EU-28","Females","TOTAL","Total","First time applicant","Person","285"
"2014M08","Portugal","Extra EU-28","Males","TOTAL","Total","First time applicant","Person","35"
"2014M08","Portugal","Extra EU-28","Females","TOTAL","Total","First time applicant","Person","15"
"2014M08","Romania","Extra EU-28","Males","TOTAL","Total","First time applicant","Person","70"
"2014M08","Romania","Extra EU-28","Females","TOTAL","Total","First time applicant","Person","20"
"2014M08","Slovenia","Extra EU-28","Males","TOTAL","Total","First time applicant","Person","15"
"2014M08","Slovenia","Extra EU-28","Females","TOTAL","Total","First time applicant","Person","10"
"2014M08","Slovakia","Extra EU-28","Males","TOTAL","Total","First time applicant","Person","10"
"2014M08","Slovakia","Extra EU-28","Females","TOTAL","Total","First time applicant","Person","5"
"2014M08","Finland","Extra EU-28","Males","TOTAL","Total","First time applicant","Person","240"
"2014M08","Finland","Extra EU-28","Females","TOTAL","Total","First time applicant","Person","105"
"2014M08","Sweden","Extra EU-28","Males","TOTAL","Total","First time applicant","Person","5 580"
"2014M08","Sweden","Extra EU-28","Females","TOTAL","Total","First time applicant","Person","2 800"
"2014M08","United Kingdom","Extra EU-28","Males","TOTAL","Total","First time applicant","Person","1 920"
"2014M08","United Kingdom","Extra EU-28","Females","TOTAL","Total","First time applicant","Person","960"
"2014M08","Iceland","Extra EU-28","Males","TOTAL","Total","First time applicant","Person",":"
"2014M08","Iceland","Extra EU-28","Females","TOTAL","Total","First time applicant","Person",":"
"2014M08","Liechtenstein","Extra EU-28","Males","TOTAL","Total","First time applicant","Person",":"
"2014M08","Liechtenstein","Extra EU-28","Females","TOTAL","Total","First time applicant","Person",":"
"2014M08","Norway","Extra EU-28","Males","TOTAL","Total","First time applicant","Person","805"
"2014M08","Norway","Extra EU-28","Females","TOTAL","Total","First time applicant","Person","265"
"2014M08","Switzerland","Extra EU-28","Males","TOTAL","Total","First time applicant","Person","1 695"
"2014M08","Switzerland","Extra EU-28","Females","TOTAL","Total","First time applicant","Person","685"
"2014M08","Total","Extra EU-28","Males","TOTAL","Total","First time applicant","Person","37 785"
"2014M08","Total","Extra EU-28","Females","TOTAL","Total","First time applicant","Person","15 815"
"2014M09","European Union (28 countries)","Extra EU-28","Males","TOTAL","Total","First time applicant","Person","43 970"
"2014M09","European Union (28 countries)","Extra EU-28","Females","TOTAL","Total","First time applicant","Person","17 770"
"2014M09","Belgium","Extra EU-28","Males","TOTAL","Total","First time applicant","Person","1 120"
"2014M09","Belgium","Extra EU-28","Females","TOTAL","Total","First time applicant","Person","605"
"2014M09","Bulgaria","Extra EU-28","Males","TOTAL","Total","First time applicant","Person","875"
"2014M09","Bulgaria","Extra EU-28","Females","TOTAL","Total","First time applicant","Person","320"
"2014M09","Czech Republic","Extra EU-28","Males","TOTAL","Total","First time applicant","Person","70"
"2014M09","Czech Republic","Extra EU-28","Females","TOTAL","Total","First time applicant","Person","50"
"2014M09","Denmark","Extra EU-28","Males","TOTAL","Total","First time applicant","Person","2 355"
"2014M09","Denmark","Extra EU-28","Females","TOTAL","Total","First time applicant","Person","710"
"2014M09","Germany (until 1990 former territory of the FRG)","Extra EU-28","Males","TOTAL","Total","First time applicant","Person","11 435"
"2014M09","Germany (until 1990 former territory of the FRG)","Extra EU-28","Females","TOTAL","Total","First time applicant","Person","5 620"
"2014M09","Estonia","Extra EU-28","Males","TOTAL","Total","First time applicant","Person","10"
"2014M09","Estonia","Extra EU-28","Females","TOTAL","Total","First time applicant","Person","5"
"2014M09","Ireland","Extra EU-28","Males","TOTAL","Total","First time applicant","Person","90"
"2014M09","Ireland","Extra EU-28","Females","TOTAL","Total","First time applicant","Person","50"
"2014M09","Greece","Extra EU-28","Males","TOTAL","Total","First time applicant","Person","400"
"2014M09","Greece","Extra EU-28","Females","TOTAL","Total","First time applicant","Person","155"
"2014M09","Spain","Extra EU-28","Males","TOTAL","Total","First time applicant","Person","345"
"2014M09","Spain","Extra EU-28","Females","TOTAL","Total","First time applicant","Person","185"
"2014M09","France","Extra EU-28","Males","TOTAL","Total","First time applicant","Person","2 920"
"2014M09","France","Extra EU-28","Females","TOTAL","Total","First time applicant","Person","1 895"
"2014M09","Croatia","Extra EU-28","Males","TOTAL","Total","First time applicant","Person","25"
"2014M09","Croatia","Extra EU-28","Females","TOTAL","Total","First time applicant","Person","5"
"2014M09","Italy","Extra EU-28","Males","TOTAL","Total","First time applicant","Person","6 745"
"2014M09","Italy","Extra EU-28","Females","TOTAL","Total","First time applicant","Person","470"
"2014M09","Cyprus","Extra EU-28","Males","TOTAL","Total","First time applicant","Person","100"
"2014M09","Cyprus","Extra EU-28","Females","TOTAL","Total","First time applicant","Person","65"
"2014M09","Latvia","Extra EU-28","Males","TOTAL","Total","First time applicant","Person","30"
"2014M09","Latvia","Extra EU-28","Females","TOTAL","Total","First time applicant","Person","15"
"2014M09","Lithuania","Extra EU-28","Males","TOTAL","Total","First time applicant","Person","20"
"2014M09","Lithuania","Extra EU-28","Females","TOTAL","Total","First time applicant","Person","15"
"2014M09","Luxembourg","Extra EU-28","Males","TOTAL","Total","First time applicant","Person","80"
"2014M09","Luxembourg","Extra EU-28","Females","TOTAL","Total","First time applicant","Person","45"
"2014M09","Hungary","Extra EU-28","Males","TOTAL","Total","First time applicant","Person","3 505"
"2014M09","Hungary","Extra EU-28","Females","TOTAL","Total","First time applicant","Person","1 260"
"2014M09","Malta","Extra EU-28","Males","TOTAL","Total","First time applicant","Person","145"
"2014M09","Malta","Extra EU-28","Females","TOTAL","Total","First time applicant","Person","35"
"2014M09","Netherlands","Extra EU-28","Males","TOTAL","Total","First time applicant","Person","2 135"
"2014M09","Netherlands","Extra EU-28","Females","TOTAL","Total","First time applicant","Person","730"
"2014M09","Austria","Extra EU-28","Males","TOTAL","Total","First time applicant","Person","2 265"
"2014M09","Austria","Extra EU-28","Females","TOTAL","Total","First time applicant","Person","815"
"2014M09","Poland","Extra EU-28","Males","TOTAL","Total","First time applicant","Person","360"
"2014M09","Poland","Extra EU-28","Females","TOTAL","Total","First time applicant","Person","335"
"2014M09","Portugal","Extra EU-28","Males","TOTAL","Total","First time applicant","Person","25"
"2014M09","Portugal","Extra EU-28","Females","TOTAL","Total","First time applicant","Person","15"
"2014M09","Romania","Extra EU-28","Males","TOTAL","Total","First time applicant","Person","210"
"2014M09","Romania","Extra EU-28","Females","TOTAL","Total","First time applicant","Person","55"
"2014M09","Slovenia","Extra EU-28","Males","TOTAL","Total","First time applicant","Person","40"
"2014M09","Slovenia","Extra EU-28","Females","TOTAL","Total","First time applicant","Person","10"
"2014M09","Slovakia","Extra EU-28","Males","TOTAL","Total","First time applicant","Person","10"
"2014M09","Slovakia","Extra EU-28","Females","TOTAL","Total","First time applicant","Person","5"
"2014M09","Finland","Extra EU-28","Males","TOTAL","Total","First time applicant","Person","280"
"2014M09","Finland","Extra EU-28","Females","TOTAL","Total","First time applicant","Person","110"
"2014M09","Sweden","Extra EU-28","Males","TOTAL","Total","First time applicant","Person","6 275"
"2014M09","Sweden","Extra EU-28","Females","TOTAL","Total","First time applicant","Person","3 125"
"2014M09","United Kingdom","Extra EU-28","Males","TOTAL","Total","First time applicant","Person","2 095"
"2014M09","United Kingdom","Extra EU-28","Females","TOTAL","Total","First time applicant","Person","1 065"
"2014M09","Iceland","Extra EU-28","Males","TOTAL","Total","First time applicant","Person",":"
"2014M09","Iceland","Extra EU-28","Females","TOTAL","Total","First time applicant","Person",":"
"2014M09","Liechtenstein","Extra EU-28","Males","TOTAL","Total","First time applicant","Person",":"
"2014M09","Liechtenstein","Extra EU-28","Females","TOTAL","Total","First time applicant","Person",":"
"2014M09","Norway","Extra EU-28","Males","TOTAL","Total","First time applicant","Person","965"
"2014M09","Norway","Extra EU-28","Females","TOTAL","Total","First time applicant","Person","305"
"2014M09","Switzerland","Extra EU-28","Males","TOTAL","Total","First time applicant","Person","1 555"
"2014M09","Switzerland","Extra EU-28","Females","TOTAL","Total","First time applicant","Person","675"
"2014M09","Total","Extra EU-28","Males","TOTAL","Total","First time applicant","Person","46 490"
"2014M09","Total","Extra EU-28","Females","TOTAL","Total","First time applicant","Person","18 755"
"2014M10","European Union (28 countries)","Extra EU-28","Males","TOTAL","Total","First time applicant","Person","45 180"
"2014M10","European Union (28 countries)","Extra EU-28","Females","TOTAL","Total","First time applicant","Person","17 740"
"2014M10","Belgium","Extra EU-28","Males","TOTAL","Total","First time applicant","Person","980"
"2014M10","Belgium","Extra EU-28","Females","TOTAL","Total","First time applicant","Person","560"
"2014M10","Bulgaria","Extra EU-28","Males","TOTAL","Total","First time applicant","Person","1 090"
"2014M10","Bulgaria","Extra EU-28","Females","TOTAL","Total","First time applicant","Person","310"
"2014M10","Czech Republic","Extra EU-28","Males","TOTAL","Total","First time applicant","Person","65"
"2014M10","Czech Republic","Extra EU-28","Females","TOTAL","Total","First time applicant","Person","35"
"2014M10","Denmark","Extra EU-28","Males","TOTAL","Total","First time applicant","Person","1 415"
"2014M10","Denmark","Extra EU-28","Females","TOTAL","Total","First time applicant","Person","430"
"2014M10","Germany (until 1990 former territory of the FRG)","Extra EU-28","Males","TOTAL","Total","First time applicant","Person","12 570"
"2014M10","Germany (until 1990 former territory of the FRG)","Extra EU-28","Females","TOTAL","Total","First time applicant","Person","6 635"
"2014M10","Estonia","Extra EU-28","Males","TOTAL","Total","First time applicant","Person","20"
"2014M10","Estonia","Extra EU-28","Females","TOTAL","Total","First time applicant","Person","5"
"2014M10","Ireland","Extra EU-28","Males","TOTAL","Total","First time applicant","Person","100"
"2014M10","Ireland","Extra EU-28","Females","TOTAL","Total","First time applicant","Person","25"
"2014M10","Greece","Extra EU-28","Males","TOTAL","Total","First time applicant","Person","565"
"2014M10","Greece","Extra EU-28","Females","TOTAL","Total","First time applicant","Person","180"
"2014M10","Spain","Extra EU-28","Males","TOTAL","Total","First time applicant","Person","440"
"2014M10","Spain","Extra EU-28","Females","TOTAL","Total","First time applicant","Person","280"
"2014M10","France","Extra EU-28","Males","TOTAL","Total","First time applicant","Person","3 390"
"2014M10","France","Extra EU-28","Females","TOTAL","Total","First time applicant","Person","2 190"
"2014M10","Croatia","Extra EU-28","Males","TOTAL","Total","First time applicant","Person","40"
"2014M10","Croatia","Extra EU-28","Females","TOTAL","Total","First time applicant","Person","0"
"2014M10","Italy","Extra EU-28","Males","TOTAL","Total","First time applicant","Person","8 175"
"2014M10","Italy","Extra EU-28","Females","TOTAL","Total","First time applicant","Person","715"
"2014M10","Cyprus","Extra EU-28","Males","TOTAL","Total","First time applicant","Person","105"
"2014M10","Cyprus","Extra EU-28","Females","TOTAL","Total","First time applicant","Person","75"
"2014M10","Latvia","Extra EU-28","Males","TOTAL","Total","First time applicant","Person","20"
"2014M10","Latvia","Extra EU-28","Females","TOTAL","Total","First time applicant","Person","10"
"2014M10","Lithuania","Extra EU-28","Males","TOTAL","Total","First time applicant","Person","15"
"2014M10","Lithuania","Extra EU-28","Females","TOTAL","Total","First time applicant","Person","15"
"2014M10","Luxembourg","Extra EU-28","Males","TOTAL","Total","First time applicant","Person","80"
"2014M10","Luxembourg","Extra EU-28","Females","TOTAL","Total","First time applicant","Person","40"
"2014M10","Hungary","Extra EU-28","Males","TOTAL","Total","First time applicant","Person","4 135"
"2014M10","Hungary","Extra EU-28","Females","TOTAL","Total","First time applicant","Person","1 115"
"2014M10","Malta","Extra EU-28","Males","TOTAL","Total","First time applicant","Person","95"
"2014M10","Malta","Extra EU-28","Females","TOTAL","Total","First time applicant","Person","25"
"2014M10","Netherlands","Extra EU-28","Males","TOTAL","Total","First time applicant","Person","1 450"
"2014M10","Netherlands","Extra EU-28","Females","TOTAL","Total","First time applicant","Person","455"
"2014M10","Austria","Extra EU-28","Males","TOTAL","Total","First time applicant","Person","2 280"
"2014M10","Austria","Extra EU-28","Females","TOTAL","Total","First time applicant","Person","695"
"2014M10","Poland","Extra EU-28","Males","TOTAL","Total","First time applicant","Person","310"
"2014M10","Poland","Extra EU-28","Females","TOTAL","Total","First time applicant","Person","290"
"2014M10","Portugal","Extra EU-28","Males","TOTAL","Total","First time applicant","Person","20"
"2014M10","Portugal","Extra EU-28","Females","TOTAL","Total","First time applicant","Person","20"
"2014M10","Romania","Extra EU-28","Males","TOTAL","Total","First time applicant","Person","140"
"2014M10","Romania","Extra EU-28","Females","TOTAL","Total","First time applicant","Person","45"
"2014M10","Slovenia","Extra EU-28","Males","TOTAL","Total","First time applicant","Person","30"
"2014M10","Slovenia","Extra EU-28","Females","TOTAL","Total","First time applicant","Person","10"
"2014M10","Slovakia","Extra EU-28","Males","TOTAL","Total","First time applicant","Person","15"
"2014M10","Slovakia","Extra EU-28","Females","TOTAL","Total","First time applicant","Person","10"
"2014M10","Finland","Extra EU-28","Males","TOTAL","Total","First time applicant","Person","285"
"2014M10","Finland","Extra EU-28","Females","TOTAL","Total","First time applicant","Person","115"
"2014M10","Sweden","Extra EU-28","Males","TOTAL","Total","First time applicant","Person","5 120"
"2014M10","Sweden","Extra EU-28","Females","TOTAL","Total","First time applicant","Person","2 420"
"2014M10","United Kingdom","Extra EU-28","Males","TOTAL","Total","First time applicant","Person","2 215"
"2014M10","United Kingdom","Extra EU-28","Females","TOTAL","Total","First time applicant","Person","1 030"
"2014M10","Iceland","Extra EU-28","Males","TOTAL","Total","First time applicant","Person",":"
"2014M10","Iceland","Extra EU-28","Females","TOTAL","Total","First time applicant","Person",":"
"2014M10","Liechtenstein","Extra EU-28","Males","TOTAL","Total","First time applicant","Person",":"
"2014M10","Liechtenstein","Extra EU-28","Females","TOTAL","Total","First time applicant","Person",":"
"2014M10","Norway","Extra EU-28","Males","TOTAL","Total","First time applicant","Person","770"
"2014M10","Norway","Extra EU-28","Females","TOTAL","Total","First time applicant","Person","240"
"2014M10","Switzerland","Extra EU-28","Males","TOTAL","Total","First time applicant","Person","1 520"
"2014M10","Switzerland","Extra EU-28","Females","TOTAL","Total","First time applicant","Person","695"
"2014M10","Total","Extra EU-28","Males","TOTAL","Total","First time applicant","Person","47 470"
"2014M10","Total","Extra EU-28","Females","TOTAL","Total","First time applicant","Person","18 670"
"2014M11","European Union (28 countries)","Extra EU-28","Males","TOTAL","Total","First time applicant","Person","42 420"
"2014M11","European Union (28 countries)","Extra EU-28","Females","TOTAL","Total","First time applicant","Person","16 250"
"2014M11","Belgium","Extra EU-28","Males","TOTAL","Total","First time applicant","Person","745"
"2014M11","Belgium","Extra EU-28","Females","TOTAL","Total","First time applicant","Person","400"
"2014M11","Bulgaria","Extra EU-28","Males","TOTAL","Total","First time applicant","Person","1 070"
"2014M11","Bulgaria","Extra EU-28","Females","TOTAL","Total","First time applicant","Person","285"
"2014M11","Czech Republic","Extra EU-28","Males","TOTAL","Total","First time applicant","Person","40"
"2014M11","Czech Republic","Extra EU-28","Females","TOTAL","Total","First time applicant","Person","30"
"2014M11","Denmark","Extra EU-28","Males","TOTAL","Total","First time applicant","Person","855"
"2014M11","Denmark","Extra EU-28","Females","TOTAL","Total","First time applicant","Person","250"
"2014M11","Germany (until 1990 former territory of the FRG)","Extra EU-28","Males","TOTAL","Total","First time applicant","Person","12 710"
"2014M11","Germany (until 1990 former territory of the FRG)","Extra EU-28","Females","TOTAL","Total","First time applicant","Person","6 305"
"2014M11","Estonia","Extra EU-28","Males","TOTAL","Total","First time applicant","Person","10"
"2014M11","Estonia","Extra EU-28","Females","TOTAL","Total","First time applicant","Person","5"
"2014M11","Ireland","Extra EU-28","Males","TOTAL","Total","First time applicant","Person","120"
"2014M11","Ireland","Extra EU-28","Females","TOTAL","Total","First time applicant","Person","35"
"2014M11","Greece","Extra EU-28","Males","TOTAL","Total","First time applicant","Person","450"
"2014M11","Greece","Extra EU-28","Females","TOTAL","Total","First time applicant","Person","130"
"2014M11","Spain","Extra EU-28","Males","TOTAL","Total","First time applicant","Person","430"
"2014M11","Spain","Extra EU-28","Females","TOTAL","Total","First time applicant","Person","200"
"2014M11","France","Extra EU-28","Males","TOTAL","Total","First time applicant","Person","2 820"
"2014M11","France","Extra EU-28","Females","TOTAL","Total","First time applicant","Person","1 730"
"2014M11","Croatia","Extra EU-28","Males","TOTAL","Total","First time applicant","Person","15"
"2014M11","Croatia","Extra EU-28","Females","TOTAL","Total","First time applicant","Person","10"
"2014M11","Italy","Extra EU-28","Males","TOTAL","Total","First time applicant","Person","6 175"
"2014M11","Italy","Extra EU-28","Females","TOTAL","Total","First time applicant","Person","610"
"2014M11","Cyprus","Extra EU-28","Males","TOTAL","Total","First time applicant","Person","80"
"2014M11","Cyprus","Extra EU-28","Females","TOTAL","Total","First time applicant","Person","60"
"2014M11","Latvia","Extra EU-28","Males","TOTAL","Total","First time applicant","Person","10"
"2014M11","Latvia","Extra EU-28","Females","TOTAL","Total","First time applicant","Person","5"
"2014M11","Lithuania","Extra EU-28","Males","TOTAL","Total","First time applicant","Person","40"
"2014M11","Lithuania","Extra EU-28","Females","TOTAL","Total","First time applicant","Person","25"
"2014M11","Luxembourg","Extra EU-28","Males","TOTAL","Total","First time applicant","Person","75"
"2014M11","Luxembourg","Extra EU-28","Females","TOTAL","Total","First time applicant","Person","30"
"2014M11","Hungary","Extra EU-28","Males","TOTAL","Total","First time applicant","Person","6 750"
"2014M11","Hungary","Extra EU-28","Females","TOTAL","Total","First time applicant","Person","2 135"
"2014M11","Malta","Extra EU-28","Males","TOTAL","Total","First time applicant","Person","55"
"2014M11","Malta","Extra EU-28","Females","TOTAL","Total","First time applicant","Person","20"
"2014M11","Netherlands","Extra EU-28","Males","TOTAL","Total","First time applicant","Person","930"
"2014M11","Netherlands","Extra EU-28","Females","TOTAL","Total","First time applicant","Person","320"
"2014M11","Austria","Extra EU-28","Males","TOTAL","Total","First time applicant","Person","2 870"
"2014M11","Austria","Extra EU-28","Females","TOTAL","Total","First time applicant","Person","670"
"2014M11","Poland","Extra EU-28","Males","TOTAL","Total","First time applicant","Person","295"
"2014M11","Poland","Extra EU-28","Females","TOTAL","Total","First time applicant","Person","245"
"2014M11","Portugal","Extra EU-28","Males","TOTAL","Total","First time applicant","Person","35"
"2014M11","Portugal","Extra EU-28","Females","TOTAL","Total","First time applicant","Person","25"
"2014M11","Romania","Extra EU-28","Males","TOTAL","Total","First time applicant","Person","65"
"2014M11","Romania","Extra EU-28","Females","TOTAL","Total","First time applicant","Person","15"
"2014M11","Slovenia","Extra EU-28","Males","TOTAL","Total","First time applicant","Person","10"
"2014M11","Slovenia","Extra EU-28","Females","TOTAL","Total","First time applicant","Person","5"
"2014M11","Slovakia","Extra EU-28","Males","TOTAL","Total","First time applicant","Person","15"
"2014M11","Slovakia","Extra EU-28","Females","TOTAL","Total","First time applicant","Person","15"
"2014M11","Finland","Extra EU-28","Males","TOTAL","Total","First time applicant","Person","235"
"2014M11","Finland","Extra EU-28","Females","TOTAL","Total","First time applicant","Person","75"
"2014M11","Sweden","Extra EU-28","Males","TOTAL","Total","First time applicant","Person","3 735"
"2014M11","Sweden","Extra EU-28","Females","TOTAL","Total","First time applicant","Person","1 775"
"2014M11","United Kingdom","Extra EU-28","Males","TOTAL","Total","First time applicant","Person","1 785"
"2014M11","United Kingdom","Extra EU-28","Females","TOTAL","Total","First time applicant","Person","830"
"2014M11","Iceland","Extra EU-28","Males","TOTAL","Total","First time applicant","Person",":"
"2014M11","Iceland","Extra EU-28","Females","TOTAL","Total","First time applicant","Person",":"
"2014M11","Liechtenstein","Extra EU-28","Males","TOTAL","Total","First time applicant","Person",":"
"2014M11","Liechtenstein","Extra EU-28","Females","TOTAL","Total","First time applicant","Person",":"
"2014M11","Norway","Extra EU-28","Males","TOTAL","Total","First time applicant","Person","610"
"2014M11","Norway","Extra EU-28","Females","TOTAL","Total","First time applicant","Person","215"
"2014M11","Switzerland","Extra EU-28","Males","TOTAL","Total","First time applicant","Person","1 145"
"2014M11","Switzerland","Extra EU-28","Females","TOTAL","Total","First time applicant","Person","405"
"2014M11","Total","Extra EU-28","Males","TOTAL","Total","First time applicant","Person","44 175"
"2014M11","Total","Extra EU-28","Females","TOTAL","Total","First time applicant","Person","16 865"
"2014M12","European Union (28 countries)","Extra EU-28","Males","TOTAL","Total","First time applicant","Person","45 385"
"2014M12","European Union (28 countries)","Extra EU-28","Females","TOTAL","Total","First time applicant","Person","17 375"
"2014M12","Belgium","Extra EU-28","Males","TOTAL","Total","First time applicant","Person","895"
"2014M12","Belgium","Extra EU-28","Females","TOTAL","Total","First time applicant","Person","510"
"2014M12","Bulgaria","Extra EU-28","Males","TOTAL","Total","First time applicant","Person","1 185"
"2014M12","Bulgaria","Extra EU-28","Females","TOTAL","Total","First time applicant","Person","295"
"2014M12","Czech Republic","Extra EU-28","Males","TOTAL","Total","First time applicant","Person","70"
"2014M12","Czech Republic","Extra EU-28","Females","TOTAL","Total","First time applicant","Person","45"
"2014M12","Denmark","Extra EU-28","Males","TOTAL","Total","First time applicant","Person","580"
"2014M12","Denmark","Extra EU-28","Females","TOTAL","Total","First time applicant","Person","175"
"2014M12","Germany (until 1990 former territory of the FRG)","Extra EU-28","Males","TOTAL","Total","First time applicant","Person","11 700"
"2014M12","Germany (until 1990 former territory of the FRG)","Extra EU-28","Females","TOTAL","Total","First time applicant","Person","5 345"
"2014M12","Estonia","Extra EU-28","Males","TOTAL","Total","First time applicant","Person","5"
"2014M12","Estonia","Extra EU-28","Females","TOTAL","Total","First time applicant","Person","0"
"2014M12","Ireland","Extra EU-28","Males","TOTAL","Total","First time applicant","Person","135"
"2014M12","Ireland","Extra EU-28","Females","TOTAL","Total","First time applicant","Person","35"
"2014M12","Greece","Extra EU-28","Males","TOTAL","Total","First time applicant","Person","615"
"2014M12","Greece","Extra EU-28","Females","TOTAL","Total","First time applicant","Person","170"
"2014M12","Spain","Extra EU-28","Males","TOTAL","Total","First time applicant","Person","400"
"2014M12","Spain","Extra EU-28","Females","TOTAL","Total","First time applicant","Person","200"
"2014M12","France","Extra EU-28","Males","TOTAL","Total","First time applicant","Person","3 330"
"2014M12","France","Extra EU-28","Females","TOTAL","Total","First time applicant","Person","2 055"
"2014M12","Croatia","Extra EU-28","Males","TOTAL","Total","First time applicant","Person","15"
"2014M12","Croatia","Extra EU-28","Females","TOTAL","Total","First time applicant","Person","0"
"2014M12","Italy","Extra EU-28","Males","TOTAL","Total","First time applicant","Person","5 145"
"2014M12","Italy","Extra EU-28","Females","TOTAL","Total","First time applicant","Person","465"
"2014M12","Cyprus","Extra EU-28","Males","TOTAL","Total","First time applicant","Person","75"
"2014M12","Cyprus","Extra EU-28","Females","TOTAL","Total","First time applicant","Person","45"
"2014M12","Latvia","Extra EU-28","Males","TOTAL","Total","First time applicant","Person","20"
"2014M12","Latvia","Extra EU-28","Females","TOTAL","Total","First time applicant","Person","10"
"2014M12","Lithuania","Extra EU-28","Males","TOTAL","Total","First time applicant","Person","45"
"2014M12","Lithuania","Extra EU-28","Females","TOTAL","Total","First time applicant","Person","20"
"2014M12","Luxembourg","Extra EU-28","Males","TOTAL","Total","First time applicant","Person","65"
"2014M12","Luxembourg","Extra EU-28","Females","TOTAL","Total","First time applicant","Person","20"
"2014M12","Hungary","Extra EU-28","Males","TOTAL","Total","First time applicant","Person","10 220"
"2014M12","Hungary","Extra EU-28","Females","TOTAL","Total","First time applicant","Person","3 565"
"2014M12","Malta","Extra EU-28","Males","TOTAL","Total","First time applicant","Person","85"
"2014M12","Malta","Extra EU-28","Females","TOTAL","Total","First time applicant","Person","30"
"2014M12","Netherlands","Extra EU-28","Males","TOTAL","Total","First time applicant","Person","895"
"2014M12","Netherlands","Extra EU-28","Females","TOTAL","Total","First time applicant","Person","330"
"2014M12","Austria","Extra EU-28","Males","TOTAL","Total","First time applicant","Person","3 265"
"2014M12","Austria","Extra EU-28","Females","TOTAL","Total","First time applicant","Person","785"
"2014M12","Poland","Extra EU-28","Males","TOTAL","Total","First time applicant","Person","275"
"2014M12","Poland","Extra EU-28","Females","TOTAL","Total","First time applicant","Person","250"
"2014M12","Portugal","Extra EU-28","Males","TOTAL","Total","First time applicant","Person","25"
"2014M12","Portugal","Extra EU-28","Females","TOTAL","Total","First time applicant","Person","15"
"2014M12","Romania","Extra EU-28","Males","TOTAL","Total","First time applicant","Person","80"
"2014M12","Romania","Extra EU-28","Females","TOTAL","Total","First time applicant","Person","15"
"2014M12","Slovenia","Extra EU-28","Males","TOTAL","Total","First time applicant","Person","25"
"2014M12","Slovenia","Extra EU-28","Females","TOTAL","Total","First time applicant","Person","10"
"2014M12","Slovakia","Extra EU-28","Males","TOTAL","Total","First time applicant","Person","30"
"2014M12","Slovakia","Extra EU-28","Females","TOTAL","Total","First time applicant","Person","10"
"2014M12","Finland","Extra EU-28","Males","TOTAL","Total","First time applicant","Person","280"
"2014M12","Finland","Extra EU-28","Females","TOTAL","Total","First time applicant","Person","100"
"2014M12","Sweden","Extra EU-28","Males","TOTAL","Total","First time applicant","Person","4 215"
"2014M12","Sweden","Extra EU-28","Females","TOTAL","Total","First time applicant","Person","2 090"
"2014M12","United Kingdom","Extra EU-28","Males","TOTAL","Total","First time applicant","Person","1 705"
"2014M12","United Kingdom","Extra EU-28","Females","TOTAL","Total","First time applicant","Person","795"
"2014M12","Iceland","Extra EU-28","Males","TOTAL","Total","First time applicant","Person",":"
"2014M12","Iceland","Extra EU-28","Females","TOTAL","Total","First time applicant","Person",":"
"2014M12","Liechtenstein","Extra EU-28","Males","TOTAL","Total","First time applicant","Person",":"
"2014M12","Liechtenstein","Extra EU-28","Females","TOTAL","Total","First time applicant","Person",":"
"2014M12","Norway","Extra EU-28","Males","TOTAL","Total","First time applicant","Person","560"
"2014M12","Norway","Extra EU-28","Females","TOTAL","Total","First time applicant","Person","170"
"2014M12","Switzerland","Extra EU-28","Males","TOTAL","Total","First time applicant","Person","970"
"2014M12","Switzerland","Extra EU-28","Females","TOTAL","Total","First time applicant","Person","405"
"2014M12","Total","Extra EU-28","Males","TOTAL","Total","First time applicant","Person","46 915"
"2014M12","Total","Extra EU-28","Females","TOTAL","Total","First time applicant","Person","17 950"
